frame,marker_id,tx,ty,tz,pitch,yaw,roll
1,2,-0.09281904538701574,-0.05560434054237304,0.19055920222204925,-173.20893584407153,2.191879244834022,146.54499478127997
1,4,-0.082503362513045,-0.03596517091231077,0.19920374647535521,-114.50176003530048,-14.275987541762767,-37.948358899911455
2,2,-0.0926905476075663,-0.05556776845570963,0.19039617334506037,-173.04535939957557,2.3109236413884693,146.54328527596698
2,4,-0.08248119941607979,-0.035992625041639144,0.19922486930942032,-114.30429261169338,-14.201688031435625,-38.00659065966484
3,2,-0.09281374042823813,-0.05567105080839052,0.1906384133181065,-173.27297537371174,2.2491799110208945,146.5130141160318
3,4,-0.08246491615862282,-0.035999625136819736,0.1992355498023494,-114.55170899259376,-14.188610989940516,-37.93817546208172
4,2,-0.09283213846811894,-0.05580904264522835,0.19088632478723094,-173.1917930017181,2.341445669437444,146.58607207057977
4,4,-0.08225656091989045,-0.035994489128210745,0.19893933011064568,-114.29940098412432,-14.253040215808866,-38.112459979711744
5,2,-0.09288859607388816,-0.055728991982622565,0.19080487597798254,-173.31859206642082,2.1822651661266157,146.53384063583954
5,4,-0.08245807489398027,-0.03602868137048261,0.19920552370157282,-114.34591692589059,-14.329117135537427,-38.025817842716386
6,2,-0.09275520625534185,-0.05575497360907258,0.19067509655030418,-173.0031112519924,2.4325164149651375,146.4695415405872
6,4,-0.08236736703636206,-0.03603392973324598,0.19911951525734728,-114.4311554609117,-14.25094649852012,-37.947156236911425
7,2,-0.0924756984065138,-0.05621073485856697,0.19111926098823281,-173.52625266657063,2.136789750434211,146.80230546105437
7,4,-0.08218387906906591,-0.03645481573016013,0.19977204487381214,-114.80331767940905,-14.282051917063196,-37.773884155630554
8,2,-0.09143281120523258,-0.05667553545698694,0.19081391688405153,-173.46409396668747,2.1712049451044013,147.02649063399085
8,4,-0.0809902153514957,-0.03676311996882482,0.19885604169061868,-114.42956202543687,-14.544952116053523,-37.55142116789007
9,2,-0.09061325163467045,-0.05713356886205743,0.19071677595502812,-173.2133257881781,2.614979907565037,147.21572306153854
9,4,-0.08039768786366833,-0.03720823559405769,0.19903727874473431,-114.59240452615975,-14.438681813121217,-37.1695966618735
10,2,-0.0901782272426421,-0.05766026184594947,0.19111034149655587,-173.61106813362073,2.563019877605605,147.53266173965676
10,4,-0.0796305722341723,-0.037482928394534376,0.19852411711623735,-114.10079122909858,-14.427421095422819,-37.06019171051512
11,2,-0.08839145314829959,-0.058694561827131744,0.191033503793804,-173.64277402254928,2.902885625716057,147.96603759024242
11,4,-0.0778699722496506,-0.03831111707785744,0.19795583678197448,-114.2177847963238,-14.519511821938409,-36.30648514917698
12,2,-0.0872034585509199,-0.059289641705041855,0.1908513841282222,-173.86553502649852,2.991806466215002,148.2547898206742
12,4,-0.07710002543974548,-0.03898348933646996,0.19839211875714913,-114.15019865526763,-14.628309882823006,-36.087473139658876
13,2,-0.08604460283731373,-0.05990821321325982,0.19084581288968494,-173.77171076336745,3.0715188979386925,148.6870254618591
13,4,-0.07575276175614434,-0.0392777195446572,0.19740051156895114,-113.97577243003843,-14.812030518521778,-35.55138459725021
14,2,-0.0849388676893686,-0.060468777105862084,0.1907446572155175,-173.94076702499692,3.0654677691197816,149.1095235083384
14,4,-0.07483420589186084,-0.03985390432163534,0.19754143459071563,-114.1912951151445,-14.722614710149593,-35.403185492271724
15,2,-0.0842253446704617,-0.060716265285830316,0.19040930456656444,-173.74538945326543,3.4106384678928703,149.158843778226
15,4,-0.07439397401974598,-0.040174398974359336,0.19767696021965603,-114.1924973909456,-14.777248727833616,-35.09652801909672
16,2,-0.08386604089258536,-0.06098800564859173,0.19054375702429374,-173.94605265701242,3.2648235959004186,149.29202084410625
16,4,-0.0738783685822094,-0.040228009771208564,0.1971647266582384,-114.04208271061003,-14.507157778276364,-34.71316695155908
17,2,-0.08269096321392175,-0.061459998152099,0.1900181668785406,-173.95412373792828,3.457526949448945,149.6234041659599
17,4,-0.07308457941030086,-0.04082353911731582,0.19740115645422593,-114.29601049693177,-14.941021177081335,-34.74982058883071
18,2,-0.08194342084049062,-0.061705057045649124,0.18970373237038518,-173.92519948020507,3.61125937143766,149.74084313435904
18,4,-0.07216334389710746,-0.04095342224202235,0.19640417901330873,-113.7206276711851,-14.623320200992032,-34.46968168914081
19,2,-0.08190170103735672,-0.06172472971955026,0.18968035628051058,-173.7456035627568,3.4984314608910516,149.71405124300318
19,4,-0.07208440911506682,-0.040973461325479035,0.1963044049588998,-113.76379079472697,-14.618182726585996,-34.42602137978153
20,2,-0.08081847160876052,-0.06312708838878407,0.19112768377270425,-174.59776415032607,3.25631536377538,150.3219791340135
20,4,-0.070918171205313,-0.04199459957910158,0.19731089619117614,-114.20441878501352,-14.32060156245137,-33.52962838040651
21,2,-0.07826390276400894,-0.06557859675651956,0.1933078486608347,-175.8532270033516,3.044729400374181,151.73514765766473
21,4,-0.06862339563264774,-0.04400256060324857,0.19941301034234998,-115.25940536834624,-14.155929421516685,-32.204013293815294
22,2,-0.07381350661619378,-0.06831070420008134,0.19437351852029028,-176.71133385538445,2.8826553973524263,153.4578830508098
22,4,-0.06413090223573337,-0.04600130172439248,0.19889520479590544,-115.32568006864958,-13.522355849165868,-30.43796952590742
23,2,-0.06958495423948845,-0.068348855598491,0.19075877745368128,-174.52942331322035,3.3239785878781056,153.99412979625404
23,4,-0.06079027973008841,-0.04649329505693695,0.19629337057819765,-114.68796703464965,-13.009435007413176,-29.153420895372914
24,2,-0.06770901106748546,-0.06901717723543636,0.1903676200418772,-174.46081323638512,3.347259007653675,154.6700913590166
24,4,-0.05930037203581606,-0.047267798381538835,0.19657108505308046,-114.97075811351145,-12.936155777286595,-28.499158290059754
25,2,-0.06432798339432666,-0.07242463860903657,0.19443537965808663,-177.01198154850871,2.7108168591234754,156.58886579888076
25,4,-0.05576635898646772,-0.049635357635408384,0.19910569879648737,-116.0190733524747,-12.052776295859337,-26.72634899379452
26,2,-0.06068871904872014,-0.07223923022136973,0.1912371688769213,-174.9638761524661,3.166868391392404,156.98058767235372
26,4,-0.05275047867452499,-0.04983031602155777,0.1964962769425564,-115.41885032712199,-11.588810250311129,-25.587148323086446
27,2,-0.0595092907238362,-0.07193582204282709,0.1898630088230253,-174.36838240089216,3.324175084039137,157.18394643932018
27,4,-0.051613711574918536,-0.04954349161682907,0.19459629598041903,-114.57219924475007,-11.319404864117088,-25.505171341503324
28,2,-0.058295550069240705,-0.07240110253864826,0.18990362889412846,-174.1157412314678,2.904987015733532,157.7076243012283
28,4,-0.050871480123664714,-0.05036854316838799,0.19600394339407018,-115.4108405852223,-10.90799027486513,-24.88157018736486
29,2,-0.056828235265189445,-0.07289625884069018,0.1899193976051976,-173.9013895626299,2.366230065750701,158.37054544755847
29,4,-0.04949355063960925,-0.0507192348820242,0.19575203971969296,-115.5319008005293,-10.342659546944999,-24.270618993115995
30,2,-0.05572302634394087,-0.07299211415750954,0.18933411505955527,-173.60936077769537,2.57114780979859,158.43429520727003
30,4,-0.04844069897867845,-0.0508568524755721,0.19503892490457506,-115.2333447520791,-9.907505015168493,-23.76659261571464
31,2,-0.05545279395810566,-0.07347643816433998,0.19020113629008917,-173.90823272921156,2.5891315738180043,158.79394866911576
31,4,-0.04803581425107648,-0.051019667585096524,0.19524629910768948,-115.47725314679873,-9.686795150081986,-23.640104028754305
32,2,-0.05194825693536476,-0.07450508837051181,0.19003494337654228,-173.6210527244087,2.404244349555001,159.88700214151766
32,4,-0.04491922530909927,-0.0519832756116183,0.19519914610951686,-115.51529333722841,-9.26513777149164,-22.07390492792969
33,2,-0.05277587591719307,-0.07483025976221828,0.19116717679428236,-174.0264955227429,2.331274587819677,159.75856299346674
33,4,-0.04564406453672563,-0.05211511445883823,0.1960427243894975,-115.78556243765459,-9.359166407870626,-22.277078549417
34,2,-0.054706361175278904,-0.07351232639149094,0.18973883327476557,-173.60015391758375,2.1931950045260873,158.963902477916
34,4,-0.04736985880416752,-0.05116988843874482,0.19488991020337512,-115.09264494749384,-9.463713518102628,-23.233472920131554
35,2,-0.054802534341305234,-0.0736805477782971,0.1901532624423556,-174.05855112216852,2.4083204684157162,158.96417757421213
35,4,-0.04742133400547231,-0.0512881416786312,0.19529188095281724,-115.7391919205449,-9.462006485603817,-23.448777892560408
36,2,-0.05445704767608676,-0.07678877142845449,0.19679321640076305,-177.04269466506898,2.478249182158722,159.56656084208515
36,4,-0.04665196280523285,-0.05304963664137807,0.20009234824281014,-117.68050525601134,-9.616082266225714,-22.7147751983804
37,2,-0.0456257600091024,-0.07809700252527912,0.19371657143854987,-174.85297038533866,3.279031439747544,161.78445784188358
37,4,-0.03918289774281085,-0.05462119403052197,0.1978524877329436,-117.0261850862064,-9.215465095688275,-19.901057140812142
38,2,-0.038648445458853035,-0.08008377217984097,0.19400727977616655,-174.96216687785318,3.800092181219482,163.99612315741757
38,4,-0.033009806257588634,-0.0561699947495423,0.19753949168600266,-117.19996676162518,-8.897770036953233,-17.56694758071506
39,2,-0.03797734226492437,-0.08065767510570118,0.19499314144655963,-175.6790996553425,3.840532143759996,164.002754970982
39,4,-0.032236506294138136,-0.05631358253460115,0.19743499864499398,-116.96421422122037,-8.470066825040428,-17.273257099283548
40,2,-0.031121373055486325,-0.082694763432159,0.19597188095837578,-176.44544747559075,4.781897541292585,165.80657390115576
40,4,-0.026312205630243928,-0.05779730668585004,0.19779908265467197,-117.42186085324427,-9.348986275611274,-15.069674639884582
41,2,-0.028791212956084673,-0.08132674791846302,0.19198048345814672,-174.1605946195704,4.500658431687632,166.46333319619674
41,4,-0.02448959474400783,-0.05731316097165061,0.19523670157753165,-116.6639314517532,-8.62180532863283,-14.383826036724413
42,2,-0.02842463433791158,-0.08111741318724656,0.19133426923976685,-173.4718971747291,4.434950322966057,166.43794946666168
42,4,-0.02424162477058846,-0.05737122334375024,0.19520696242969598,-116.75073605905247,-8.88927031929358,-14.299301538387008
43,2,-0.02785414372251459,-0.08124332238039715,0.1913535265199884,-173.48652331242167,4.053369448284729,166.97409412135255
43,4,-0.023652612883652193,-0.057347641695483946,0.1948154981530148,-116.49767833686232,-7.937742125337919,-14.0012922553823
44,2,-0.02572892770484493,-0.08440287362688083,0.19767140179383436,-176.89440484386427,3.853650444079878,167.809089114717
44,4,-0.021481518638082824,-0.05956429937755016,0.2005621297158625,-118.79314886524341,-6.6195015647324285,-12.658257831059927
45,2,-0.021523127971639498,-0.08346098524453888,0.19400334388271073,-174.78632714677983,3.10338606770495,169.2636850122003
45,4,-0.017796410190476543,-0.05912507729789192,0.1973068440036619,-117.67748255049234,-5.475983908997825,-11.20230985950003
46,2,-0.017674904909851196,-0.08496054726153253,0.1962359758531837,-176.07210601205873,2.6998074921088158,170.55866150553123
46,4,-0.014346523832069547,-0.06009673865212968,0.19882989573483334,-118.22109561564473,-4.768562610136681,-9.59695502601129
47,2,-0.01438798391808643,-0.08308500032828023,0.19084166490954618,-172.72270123494818,2.2976422163608454,171.48932240387032
47,4,-0.011639872743321393,-0.059387622404160664,0.19536906842260157,-117.14441545823027,-4.149213208841597,-8.516905086886073
48,2,-0.010755382986526034,-0.08538914965133387,0.19516175042766004,-175.56262120357167,2.914827259525596,172.5141863721245
48,4,-0.008278094270598637,-0.06049184842089701,0.19779399337553627,-117.77879798796019,-3.183173529943351,-7.382282261548689
49,2,-0.005175388580826435,-0.08473326799178824,0.1926394959742064,-174.37402735905903,2.4737372556679778,174.42764357936719
49,4,-0.0034159782583226437,-0.06052166866851329,0.1965553237226853,-117.74526846788109,-1.928030565547152,-5.239986658890066
50,2,-0.004612410017237246,-0.08432910027474644,0.19158930267051702,-173.58944826590275,2.5877179222617626,174.4270303378673
50,4,-0.0029239468236433646,-0.06017925857603922,0.1952948253758602,-117.01399196158017,-2.0954855093053593,-5.36444812098514
51,2,0.0004553200280811111,-0.08424624332586589,0.19076352193795137,-173.17426884151666,1.9339416667861065,176.18567418003607
51,4,0.0015626571856151917,-0.06024743701253518,0.19483310821534536,-117.15406174071703,-0.8797777169170885,-3.2572696730695414
52,2,0.0004963527729181838,-0.08408587732766354,0.1902817792320607,-172.96792828553103,1.8192771712013813,176.26483083654944
52,4,0.0015736310641899132,-0.06010171553759925,0.1942350761536074,-116.72691035044714,-1.054217292977075,-3.4775896431180957
53,2,0.0010704808589874527,-0.0840489070486372,0.1900880915905611,-172.92071167274227,2.1283292873238637,176.2658619459294
53,4,0.002120206789442454,-0.060356662132632376,0.1948646633936525,-116.90126241806242,-1.1133140865744673,-3.0940076119489546
54,2,0.0024778543992064607,-0.08495773549997712,0.19205804180445074,-173.92284946671202,1.8937456314614918,176.6122046679187
54,4,0.0034044427840274932,-0.060729110721096234,0.1958836363728589,-117.22759835160238,-0.8841569208406639,-2.669654512381899
55,2,0.005448004370439981,-0.08549333681723637,0.19307318465298223,-174.96031904665753,2.268703634582479,177.613652356166
55,4,0.006030538896199979,-0.060957414034005494,0.19644836820756043,-117.4809831959617,-0.11456189729461969,-1.707617787454722
56,2,0.011457485438494787,-0.08482843141305432,0.19131138909532475,-174.24460357101012,2.0330435342245936,179.36836286621696
56,4,0.011378035705331765,-0.060916989454916616,0.1961095171050516,-117.42946555523787,0.9752663882445625,0.21610672238178172
57,2,0.013731825684666795,-0.08509351246458137,0.19200347845160584,-174.61043353104088,1.981072417783392,179.91248268000973
57,4,0.013375982881406855,-0.06108607531906171,0.196799897045368,-117.4140904441717,1.3876910937200377,1.1952712123070037
58,2,0.01882920018436647,-0.08678940497748251,0.19607880947015982,-177.63943642027678,2.7209257426296753,-179.14947371715553
58,4,0.017912868224380474,-0.06209763851297793,0.2003030463870428,-118.58922011909505,2.191192697045765,2.7957814908204144
59,2,0.02214449210515363,-0.08372988862051871,0.18965823498575932,-173.6302046881382,1.434371058297445,-177.41611267626797
59,4,0.020915011005160102,-0.06033071280602668,0.19544808885935058,-116.46887734732621,2.442315014946628,4.1462148722465
60,2,0.02420109442553892,-0.0836953657818072,0.18994454118937298,-173.7525050035589,1.7199194327823062,-176.77851751303245
60,4,0.022776640872808514,-0.060420316979607994,0.19610311774133007,-116.5495603130884,3.0734471347728607,4.741441393839002
61,2,0.02925058642774494,-0.08623170236600446,0.196595161446363,-178.47369027299294,3.023296183688976,-176.33464984544662
61,4,0.02700964480464815,-0.06142832571195716,0.20047218404567174,-118.1883487718457,3.460873795594784,6.236274555348706
62,2,0.03260918492932686,-0.08237547459939076,0.18888345499687878,-173.53251005419543,1.297863090705512,-174.06383491523437
63,2,0.03476289405755598,-0.08249067685518623,0.1896848308283317,-174.2704578668895,1.522947320465802,-173.62650389844296
64,2,0.03840686672868011,-0.08276372957576547,0.19144429756633546,-175.0111757962446,1.5546708393102626,-172.55512131896884
65,2,0.04026813775201483,-0.08169634677425774,0.18969391336491595,-174.20614282545586,1.611450302694108,-171.85287033755014
66,2,0.04226652610685708,-0.08113168110890741,0.18921686071059304,-173.8688153090745,1.2566208429643084,-171.1038119937972
67,2,0.0447415955053584,-0.08052685234962464,0.18899856582806104,-173.7912883268996,0.8890393755704021,-170.14007847306075
68,2,0.04541853512552962,-0.08037920385462857,0.18891164612703407,-173.7262190154419,1.0657806760236321,-170.01047562769838
69,2,0.04721455669393602,-0.08053488404866643,0.18998786172727614,-174.59260463957253,1.6623228434323818,-169.87033204146098
70,2,0.0495841281165507,-0.07982793961642509,0.18962890397599297,-174.4230897368931,1.4505934708898651,-169.0633927619462
71,2,0.052210736200670155,-0.08013449886565488,0.19146867017700964,-175.15973212472198,1.7305838605435775,-168.6667818190217
72,2,0.05738110883596173,-0.07864874779345458,0.19102694009660623,-174.93449244350282,1.630012945021739,-167.06916367294326
73,2,0.060560708907477896,-0.07942331011027047,0.19428493508930333,-177.13709583441218,2.717912563431818,-166.79515567375256
74,2,0.06574442665123746,-0.07567538006051663,0.1897359264228714,-174.37851029823216,1.1262725789701367,-164.11123242662416
75,2,0.06838954703205728,-0.07487728376299657,0.18989821879418353,-174.67405102357418,1.439070174711584,-163.2744558341324
76,2,0.06987822907298696,-0.07350673476887193,0.18809519651600826,-173.4215402953831,0.9797768002488385,-162.18432937801893
77,2,0.07031157515856695,-0.0734650144551754,0.1883435731878828,-173.7041081361221,0.9737993101416478,-162.25233311631138
78,2,0.07046543899530612,-0.07355454980846579,0.18854057807774732,-173.85454107966564,1.0594294697610118,-162.35313887699397
79,2,0.07186234804953821,-0.0730849141799143,0.18860877740334606,-174.10556669765555,1.4401540463292055,-161.997449746924
80,2,0.07215392435770998,-0.07282574089141511,0.18831016757876842,-173.693900995962,1.0253355893124614,-161.7366892957711
81,2,0.07234743732741931,-0.07279321553502513,0.1883224265728684,-173.70772851857475,0.8088729588016471,-161.62280397793177
82,2,0.07369327116874028,-0.07229616583398435,0.18838001173318034,-173.6476665427808,1.1472672711757004,-161.09064151272847
83,2,0.07497844281608047,-0.07219564566485599,0.18903775005482215,-174.0413832988858,1.6548476660498144,-161.24488021230744
84,2,0.0756701394967605,-0.07163730231161304,0.18852753793476476,-173.8605040279751,1.3565823398020667,-160.73612972966674
85,2,0.07854320194531005,-0.07095481983736618,0.18922716295912173,-174.25720248744406,1.9184620981636928,-160.13341800359905
86,2,0.08003858999892072,-0.06994034505987894,0.18838218127131048,-173.72047818280447,1.3011394875215878,-159.28223588408636
87,2,0.08027069986878216,-0.06998227265728157,0.18861288245513386,-174.0451427138855,1.5623835911902897,-159.20752228749708
88,2,0.08175319855383674,-0.06913460470740752,0.1881757457281677,-173.77527000878555,1.1605564963680068,-158.65733770804337
89,2,0.08321539171867702,-0.06871330121192032,0.1886023812938596,-173.79975867762195,1.4132214113536063,-158.4635012975603
90,2,0.08640087350632909,-0.06807376769770707,0.18980545859945583,-174.79486110203868,2.0176838636589873,-157.91030304098413
91,2,0.08725872857314626,-0.06704660728695891,0.18851887997594463,-174.2152401087303,1.346788955933154,-157.08822594626494
92,2,0.08886923064783989,-0.066407025849878,0.1887793907384995,-174.3712411529536,1.538848596831802,-156.67083954625232
93,2,0.09275248331518351,-0.06465946002442298,0.18889575766085948,-174.47003035120485,1.5859549372665276,-155.44304246734274
94,2,0.09534550306218413,-0.06383146759205612,0.1895865976465055,-175.13559437689696,2.3345083088179157,-155.1948847694902
95,2,0.09569081278854667,-0.06257116272864906,0.18764082475540472,-174.29348543812742,1.6450505240066888,-154.17901885713354
96,2,0.09624794097682592,-0.06241143860857775,0.18788836134634054,-174.3464668121466,1.827067355508999,-154.18229663544736
97,2,0.09838202781900647,-0.061474994024121675,0.1881516545521312,-174.5481234310838,2.0975164728426927,-153.58782612833187
98,2,0.10272556453254213,-0.05970022021614042,0.18914888258620013,-175.05723749065106,2.3476018521907456,-152.5306186026159
99,2,0.10253208072598081,-0.05891812327483017,0.18768921376306913,-174.204102087795,2.1378287848201216,-152.1665722550524
100,2,0.10455878680585412,-0.058338389099311994,0.18858624391997336,-174.89448823062628,2.493994853727239,-151.89777659977256
101,2,0.10690003188873118,-0.05649174928774542,0.1877202809079998,-174.61113239736576,2.073151190413957,-150.7171345506499
102,2,0.10769140067963646,-0.05613464795547885,0.1879330836219117,-174.80355877063835,2.501377377123155,-150.55227405395274
103,2,0.1093472792118384,-0.055284967217023744,0.18810764541222455,-174.5096321455535,2.0759931921200643,-150.01957527035935
104,2,0.11119814179865128,-0.05380410540217247,0.1874537084974349,-174.47921775274332,1.8841602335740264,-149.14860371890637
105,2,0.11297508065179769,-0.053396624176445105,0.1885662605103541,-175.11751644055354,2.396092135694043,-149.1672279331535
106,2,0.1132794240078714,-0.052295570682992044,0.18714570850998058,-174.60636714880968,1.766311952946588,-148.2221492246433
107,2,0.11357923409538731,-0.05191154525171256,0.18689938857905453,-174.88543394162863,1.9730841568044857,-148.27479970136127
108,2,0.1153112297913288,-0.050994877112377976,0.1870995506712788,-174.74929936669716,1.866894669855122,-147.65926042326285
109,2,0.11599630430663702,-0.05087482414804124,0.18763744627590306,-174.86268801532427,1.8099245304925284,-147.5178902577359
110,2,0.11680174930233335,-0.04998053854244836,0.18714161809615432,-174.91128627523514,2.248659787094937,-147.25065515103216
111,2,0.11752308745613387,-0.0493929266775267,0.18699552393775154,-174.74675938291182,2.1343440888736422,-146.79911098068476
112,2,0.11960830238291047,-0.04842421882229118,0.1877417557438781,-174.95527759154808,2.640969979841645,-146.4412824625975
113,2,0.12077708404447109,-0.04745617744899579,0.18757416501391663,-174.83098023119078,2.7280179096022237,-146.02613047930808
114,2,0.12164246684557495,-0.04659528736911147,0.18735875516363573,-174.46732210995404,2.2725664011616407,-145.43398166058014
115,2,0.1231292249164082,-0.045522424474007915,0.18737119291057133,-174.48567676504797,2.2602002943046196,-145.0965871725551
116,2,0.12459978709243172,-0.04473855173535425,0.18773398685993054,-174.87279713327155,2.448140031007036,-144.53046544236747
117,2,0.1252990741594502,-0.04424884630954352,0.18776636220701465,-174.7418246286312,2.1988836919495007,-144.31251270424715
118,2,0.12580944468494246,-0.043745267504171174,0.18763931245882579,-174.84997310132707,2.601537555457733,-144.2159092019328
119,2,0.12653088220470557,-0.04299115325492103,0.18735277133269906,-174.74777837286663,2.5455009547602283,-143.83006993389583
120,2,0.12817436870316962,-0.04163975525808401,0.1872523645968784,-174.7829217154461,2.4454293231241455,-143.2444655907104
121,2,0.12859036892992734,-0.041253188355288795,0.18713123516620825,-174.51223003060628,2.0665813158600232,-142.852838429024
122,2,0.13053777180629036,-0.04012447303415495,0.18768589697061944,-174.8581475840579,2.375091225432461,-142.409507705808
123,2,0.13263039229694248,-0.038888526900817046,0.18817651536358956,-175.22160207547472,2.2732731582553822,-141.8063224603864
124,2,0.13326970324446868,-0.03775272468361494,0.18741057306940256,-175.119448363931,2.492053151685759,-141.34735375831076
125,2,0.13380528976420616,-0.03715732436324496,0.18722645968081544,-174.83968358965438,2.0741895321451262,-140.98152994716935
126,2,0.13464363332782023,-0.03627454533792131,0.1870076859098017,-175.0503211162609,2.3795642498709153,-140.88808449742587
127,2,0.13655465853708307,-0.034654843980989045,0.1869106319987812,-174.86902004630747,2.099475401685761,-139.9526888920472
128,2,0.13685334605017704,-0.03422258526524963,0.18672510012134774,-174.88805214947396,2.1685520392923103,-139.75528151679862
129,2,0.13900934737923648,-0.03286104596510849,0.18742227935437256,-175.28847031018282,2.6585928780487484,-139.41405892917265
130,2,0.1406025026052977,-0.030733579098049434,0.18666003326485744,-174.8581395170569,2.51355850656278,-138.44872396771936
131,2,0.14508094028420296,-0.028175679784396307,0.18857560586322908,-175.93874032486607,2.86009713402152,-137.5935350270283
132,2,0.14596503528049612,-0.027541075835808653,0.1888157942397852,-176.11649868660425,2.9571181356190435,-137.3529406370034
133,2,0.1471909146453364,-0.024164962671785997,0.1864138933913688,-175.00294355547874,2.1564112118597314,-135.5267773481154
134,2,0.1476165325443241,-0.023875505142870377,0.1865610650003993,-175.12840278847952,1.886582494355771,-135.31623982162978
135,2,0.1478913993552105,-0.023788024836265246,0.18689793382744496,-175.0535071527577,2.104645398599331,-135.54262510242643
136,2,0.15180067108060552,-0.020973678350762116,0.18853994916460146,-175.40347574296982,2.5533945765262187,-134.54019339473587
137,2,0.15306323571134958,-0.019080316296503037,0.18818717402998766,-174.76280139117068,1.9891533699304333,-133.35812227439578
138,2,0.15505017337584884,-0.01724937382124394,0.18872229586939163,-174.6832239400248,2.3089061535352045,-132.7527577542307
139,2,0.15507969429933222,-0.016578677219834477,0.1881221873435329,-174.5477366366888,2.121712666824947,-132.43196769210388
140,2,0.15602889474408077,-0.015936227182331723,0.18863284172782047,-174.51788100637762,2.155747064451396,-131.97122980948637
141,2,0.157469832645536,-0.014340463416267418,0.18885882021807632,-174.46978863550558,2.225027580326321,-131.51334036128634
142,2,0.15795100106677057,-0.013502417503205475,0.1887413394535167,-174.34571821113246,1.9873919560547495,-130.98920981847323
143,2,0.1589688528890366,-0.01215857334675563,0.1886820447895893,-174.01032140608095,2.0159397717731835,-130.55045937706672
144,2,0.16023847802685198,-0.011251357953425767,0.18928832139261223,-174.09095726903462,1.748755374278723,-130.08345233180887
145,2,0.1596436716854381,-0.011791414556877445,0.1891654704192622,-174.34361534081026,1.7055289502785709,-130.46608404707302
146,2,0.1592374581021049,-0.012320162496976267,0.18925386514720646,-174.2496862649383,1.693646724402581,-130.36717742851604
147,2,0.1593213509786779,-0.012636966805931259,0.1896899159908413,-174.38018120359325,1.7651146643553812,-130.64674916543203
148,2,0.15875955198896205,-0.012730126824759411,0.18909026360335227,-174.27373557180832,1.7285012944742186,-130.71346185771623
149,2,0.15897290598898056,-0.01260276477688151,0.18913410356231972,-174.35197562885637,1.6242467717878297,-130.70186273821776
150,2,0.15914090475866122,-0.012590818150220133,0.18941015948682793,-174.25023248078526,1.7123753926038865,-130.62039307086866
151,2,0.15841528497738297,-0.012732590673280792,0.18868885473925007,-174.17226043003618,1.6325038155599403,-130.67541631278655
152,2,0.15875623372475883,-0.0129317555679266,0.18937210645452576,-174.60893243473421,1.7135703384784584,-130.80840863178412
153,2,0.158462366213362,-0.013044540500404416,0.18924257302180758,-174.28405903324855,1.5849900339997378,-130.8668045937453
154,2,0.15836566107852926,-0.01286636896639772,0.18897023877056496,-174.23414152365427,1.797856858516835,-130.7459459820019
155,2,0.15873510642481306,-0.012259563656998424,0.1887790144944321,-174.23165051259946,1.606526891250275,-130.63593908756758
156,2,0.1588887625004067,-0.012220382803747234,0.18886949454342947,-174.23669076223214,1.4435522916264698,-130.3718467496786
157,2,0.159291168438984,-0.011670493573206046,0.18877806949481296,-174.28949189479314,1.5654261143050359,-130.2579076514051
158,2,0.15949941918394325,-0.011497920464945393,0.18889033581499165,-174.3181555779616,1.7667383604547264,-130.30938048620803
159,2,0.16251486076407837,-0.009952520387489868,0.19101033209116033,-174.98006886052946,2.3630914452590823,-130.04751369067384
160,2,0.16220272497172528,-0.008152935844286066,0.18917799277554928,-174.22259736363588,1.7576061745150133,-128.90045355173336
161,2,0.1642243793066118,-0.005866523784122691,0.1896265026311422,-173.66312135280845,1.6630756230052646,-128.07114250710103
162,2,0.16671738341703793,-0.003350269466081751,0.190469494605259,-173.80294305244524,2.0585690244617902,-127.20008687878689
163,2,0.16779271553943972,-0.0019470276671498994,0.19062795681958442,-173.97275585570398,1.911211878650489,-126.53637605216778
164,2,0.16868339964693177,-0.0005077943859293504,0.19054048130282236,-173.90919550675488,1.9906377211092599,-126.15192727736874
165,2,0.17037468749847573,0.00021479662833361865,0.1919359937823291,-174.29510349292684,2.3961485986173225,-126.16964984634313
166,2,0.17116208572107872,0.0029478720959651467,0.1907904100518403,-173.48965767677407,1.896096671151529,-124.75349308782717
167,2,0.17199810087770873,0.004271862874373457,0.19072872264594384,-173.58893009683845,1.9153211911278412,-124.52878125572154
168,2,0.1716536574849267,0.005041171441890027,0.18971812427875853,-173.42760660571676,2.0752269203251665,-124.22046851335206
169,2,0.1728714628655746,0.006068559595057178,0.19038016409294536,-173.658953018676,2.080961098025148,-123.97377966694164
170,2,0.17489950634487367,0.00875709920586606,0.19076535265167383,-173.56779267897667,1.891310798953653,-122.9042175769647
171,2,0.17494177536198333,0.009179136546281523,0.19057534927791578,-173.4650110530735,2.010885069708757,-122.67594964291968
172,2,0.17640454945651154,0.011830347328580855,0.1904158058934317,-173.3984338981486,1.7080655191095468,-121.65051591933917
173,2,0.17894812040845404,0.013387873133546316,0.19232346522993946,-173.81068508938523,2.128406390146693,-121.42929068416598
174,2,0.17832029804861232,0.013978204645611758,0.1912276352323472,-173.4575878026074,1.6392617471547164,-120.86211327164835
175,2,0.183978941346278,0.018297162431001778,0.19493966768785467,-174.79806427436333,3.310532923908286,-120.84331601000937
175,4,0.17973583830881174,0.033157541219237606,0.2191633779643875,176.35515955517357,19.758881454916757,74.47616528831722
176,2,0.1811444630499676,0.019993865882213486,0.1907666196926358,-172.91671361523498,1.841327958918316,-118.77471734929098
177,2,0.18345410351224734,0.022626912039508167,0.1918545291475618,-173.245507132995,2.1108553379108246,-118.24858369191696
178,2,0.18365404665517276,0.02368661023445987,0.1914961155557907,-173.10233715010912,2.0260099516645274,-117.88705284822635
179,2,0.18490914687409124,0.02619714597851589,0.19151884290749552,-173.10801905068584,2.4268980230212382,-116.91778630471688
180,2,0.18574594566709268,0.02779168214493193,0.19162980286999545,-173.05943007656288,2.2101462207022653,-116.49017425643525
181,2,0.185598732379602,0.02924538170572708,0.19067530439068256,-172.62183386732454,2.30395649167513,-115.80785040363072
182,2,0.1870692070095787,0.031237717594169535,0.19129076938479142,-172.71467777871771,2.4244848542375563,-115.18516787386224
183,2,0.18757720488962543,0.03244347349044075,0.1913005064412086,-173.02913968085102,2.5415245090006837,-115.15258568404867
184,2,0.18763865134793223,0.03337521414483804,0.19092827408472846,-172.3926590358494,2.4121807892035343,-114.46819468146842
185,2,0.1900522000297435,0.03680478107162236,0.1920380581690132,-172.7284670395413,2.6903669706194218,-113.72410085490256
186,2,0.18889832128368964,0.03671581180447586,0.1907752547218196,-172.2640418487133,2.5061532338075265,-113.42188533277368
187,2,0.18916768283025284,0.03711608722384352,0.19090699644482984,-172.3138986928333,2.4927836884030485,-113.23241521823223
188,2,0.19036196898163446,0.0386362500642833,0.1916281222410767,-172.39809707890626,2.4355749408468967,-112.82151984708483
189,2,0.19074573551573765,0.04042406684527523,0.19123080824010094,-172.49642836442086,2.77028206723851,-112.41437730498717
190,2,0.19131778423665008,0.04070057812810281,0.19173218740118148,-172.50565333049698,2.7847109601106257,-112.58995428205156
191,2,0.19154320884609904,0.04424894623142312,0.19063987214668443,-171.8570882382545,2.9170510065454445,-111.00394147259998
191,4,0.18867386321673393,0.05842641352846346,0.21566600131332736,176.72428566689254,18.053898221035748,83.54518995892383
192,2,0.19286644892289526,0.04477239161499431,0.19188164680624467,-172.07506682730448,2.634943020833265,-110.99860498976507
192,4,0.1879319238422522,0.058456654302931794,0.2147965033216993,176.5409417593241,17.695864862465616,83.73644442872448
193,2,0.19229947383402782,0.0454150370627323,0.19111240605456084,-171.77840825185723,2.7363280520860447,-110.63063662997037
193,4,0.18853096853923407,0.059384225810642004,0.2151440594225617,176.42185802010624,17.643206812086255,83.91774719572827
194,2,0.1953311972013933,0.04758258399115085,0.1937384057072046,-172.58474617003384,3.644703435740975,-110.88604308650211
194,4,0.19135151621552376,0.06171496346533889,0.2182329690321376,-99.70256509237934,21.140477268687544,87.13298884353634
195,2,0.19353094013691488,0.04860135334702597,0.19145913947225138,-171.60615099972756,2.826565127701082,-109.57541149116099
195,4,0.18942471218883442,0.06240921198935801,0.2151432197023637,176.67411445941445,17.356429705055678,84.73380175922885
196,2,0.19597454048347657,0.05134819825865336,0.19304719869715575,-172.02879501659933,3.1178001853166473,-108.97193776327738
196,4,0.1909475313950058,0.06492065735018573,0.21589082115864472,176.65280779341543,17.35773614251497,85.35801068811973
197,2,0.19477466212488492,0.05294885671511858,0.19119812934391978,-171.57487633954761,2.9698089752005967,-108.19353658407802
197,4,0.19039041494191905,0.06652035237728385,0.2144348038118572,176.37787719979505,16.680019676927813,86.26652267498142
198,2,0.1966763519161024,0.054900843270398056,0.1926835916948068,-171.82725107714685,3.2406039001290807,-107.99750115558474
198,4,0.19210438440743316,0.06847033884077036,0.21584622242917592,177.1251302350854,16.6711616272637,86.60116081144575
199,2,0.19641979594675874,0.05599945977622065,0.19208601512688786,-171.48987990452528,2.995878356895253,-107.30888626620309
199,4,0.19250453171957604,0.06974482302943433,0.2158729964330306,177.19634875181086,16.14488364066398,86.7869985515776
200,2,0.19680296001182135,0.05753270151219565,0.19206988656389956,-171.32910164988144,3.0386173074024816,-106.69545805107312
200,4,0.19185785699148403,0.0708438660134465,0.214722405854644,176.8126705691917,16.23087042400523,87.26531018074989
201,2,0.1981101486166308,0.05985192303344538,0.1928615231786834,-171.53571158052006,3.3642149645187596,-106.30111278959154
201,4,0.19300241032773693,0.07315586577494775,0.2153031419591013,176.8151294719711,15.958604811262344,87.83261738585286
202,2,0.19818999529032083,0.06355614948528583,0.19204753655393011,-170.9867537620622,3.1173063841851936,-104.92521161698852
202,4,0.19321153014944253,0.0766664569118682,0.21446245049228496,176.78851237761629,15.3971252627267,88.81599589388036
203,2,0.19818551054286698,0.06420515307882656,0.19187207856167157,-170.81110814697763,3.0619117748707194,-104.6276073536209
203,4,0.19323680294196402,0.07733167371995302,0.21424840885515908,176.4797431313907,15.479495063718945,88.95605805828775
204,2,0.19845494172397193,0.06416510659121719,0.19208859818362306,-171.02021897430683,3.155152342136187,-104.70643236305192
204,4,0.194029497398019,0.07751067516096387,0.21508221474412503,176.8414080839627,15.457020400611249,88.9953420614203
205,2,0.19825887506622314,0.06357524987236517,0.19199215608876075,-171.10474281111428,3.377453122339263,-105.06096060169666
205,4,0.19353210281546845,0.07678663443139552,0.2147298819088512,176.91549295794823,15.63035983455021,89.24248314999932
206,2,0.19817411960032463,0.06413763596313393,0.1917800162301487,-170.87195223218393,3.287540085878189,-104.68879528942692
206,4,0.1934955902451303,0.07736219127727721,0.21450623953581954,176.5680636932525,15.626263738649902,89.10611152660546
207,2,0.19814046138726366,0.0643431012138297,0.19170390550484329,-170.82725711203074,3.330546081395535,-104.75413426341989
207,4,0.1936030338062985,0.07754655486084604,0.2145131920404211,176.5109799968201,15.714174309789765,89.29914080695569
208,2,0.19785476092964518,0.0644241864991464,0.19133247522039337,-170.81177188056773,3.2825335160963722,-104.5295924231026
208,4,0.19307254154584302,0.0775183448580991,0.21388618454005898,176.4429816102472,15.633501591127947,89.56986047480008
209,2,0.200852159444696,0.06732915308620267,0.1939221641246387,-171.24251639228783,3.630782902425633,-104.23377519977188
209,4,0.19642895559693574,0.08072467603872709,0.21707304323117704,177.7445427976926,15.047380564906309,89.7977533353667
210,2,0.19981041609897177,0.06871524487293311,0.19251227324942272,-170.5883610877307,3.13866589211763,-103.25017838918409
210,4,0.19431424916903403,0.08155535492990224,0.21429046361094756,176.6837792897272,14.868931223038109,89.86232920046942
211,2,0.20024876763885893,0.0706742413221423,0.19259617032806337,-170.6024851192838,3.3809080292874234,-102.59210946044593
211,4,0.19531239970435466,0.0837059204476594,0.21493824398418923,176.89610891841033,14.640006440427536,90.59330370000977
212,2,0.2013617761894687,0.07412760928567154,0.19315076595530764,-170.52126634966797,3.453505675072872,-101.76451166597921
212,4,0.19551517115973302,0.0866416147945368,0.21443658723694548,176.71897424958564,14.450089962081613,91.6337781809995
213,2,0.20332651645902447,0.07604958826845956,0.1948036800570888,-170.8411402554174,3.8302458703970323,-101.68359310917717
213,4,0.19730209026404322,0.08863281504437825,0.21615532319204006,177.49565580332978,14.1201610239307,92.04500902407926
214,2,0.20201102153030487,0.07789322781508892,0.19330233355560844,-170.33681335105035,3.6762719950255454,-100.6184694315889
214,4,0.19664233129023712,0.0905359366672481,0.21507246894235818,177.06845418133994,14.16013418004889,92.73049900820156
215,2,0.2016626048281843,0.07817368397292433,0.1928855615578796,-170.23149206591614,3.5905365955853226,-100.61991052992904
215,4,0.19570565689967018,0.0905299282314516,0.21395874722537803,176.4528330038693,14.04842367449525,92.48578127477646
216,2,0.2014452292102759,0.07800390095630126,0.19265360023905434,-170.10075541837716,3.3657356697243586,-100.35574116650785
216,4,0.1957811848340494,0.09051387912443562,0.21400475181927614,176.35507316749332,14.084226274754567,92.37160472292692
217,2,0.2012313139007219,0.07795717209206283,0.19245288162043067,-170.0577167583018,3.441108476622525,-100.34278023733995
217,4,0.19575950617372112,0.09054957457109471,0.2139366228423338,176.481802778653,13.72600261684013,92.45941634520442
218,2,0.20125707607499707,0.07811478054749926,0.19244545359774407,-169.97416229001442,3.1315062070120683,-100.2782175530316
218,4,0.19606962956595447,0.09083791752614563,0.21423044837928576,176.59302831045778,13.591791319268125,92.42346381407275
219,2,0.20145556657954164,0.07848606125810159,0.19259461383407234,-170.08176283682207,3.2820856097349242,-100.22446175050031
219,4,0.19595453007638672,0.09109063114175646,0.21403484121079894,176.81707684217542,13.372682380383026,92.4012561486348
220,2,0.20186304123900958,0.08029776236884915,0.19278587393205063,-169.84957503005108,3.138482299233274,-99.5490563866679
220,4,0.19540582848546026,0.09238398797741515,0.21313894204835174,176.3179595435116,13.420771955358207,92.72643932400341
221,2,0.20234229526723643,0.08210817089911723,0.19309516506522936,-170.0805828038593,3.3233471627553306,-99.29018507387624
221,4,0.1956599280110635,0.09407353718143333,0.21318427289148348,176.48767243716884,13.208268824436068,93.3937035613315
222,2,0.20161747319477646,0.08170424883078124,0.1923738298229753,-169.7424084048635,3.0774274697087405,-98.90934596141777
222,4,0.195835761464577,0.09409554527157525,0.21334168461029904,176.4447661429762,13.107207559084,93.33636140215144
223,2,0.20223516910987016,0.08217811827177023,0.19295799079566767,-169.93802022879007,3.1609250622717973,-98.96285284276468
223,4,0.1957708260259148,0.09423322715081672,0.21326628415394888,176.31161428119725,12.95027274645384,93.00773399506777
224,2,0.20225648571821114,0.08314156948672588,0.19287227241368626,-169.72777212470362,3.237662922878238,-98.50553874809923
224,4,0.19592398700489327,0.09523284770859523,0.21326292100106098,176.13337382770575,13.025472509001647,93.45295554734798
225,2,0.2026465135891575,0.08315488934476517,0.19324121922270635,-169.90475146999748,3.2594771240553113,-99.04545010903917
225,4,0.1959028079368014,0.0951007746070027,0.21326446356863976,176.3605131951272,13.052043983326849,93.63113900696271
226,2,0.20175587104516213,0.08268212411455185,0.1923973965080228,-169.70366200056233,3.263327035255093,-98.69272026860922
226,4,0.19661696639537043,0.09534721517829778,0.2140593930033919,176.65427881458803,13.008515337697999,93.58683930621683
227,2,0.20209123893042014,0.08282683736294347,0.1927200645757752,-169.65934996910468,3.2415420545430234,-98.7947504476873
227,4,0.19562014649145024,0.09485750584217666,0.2130691995210265,175.89239373600904,13.344280353775412,93.46393069860751
228,2,0.20209051805317044,0.08280199994737523,0.1927624373297939,-169.83506162266417,3.4600655858083624,-98.91757841831705
228,4,0.19582852639505827,0.0948795539825128,0.21327379100854074,176.262214870192,13.3035002850594,93.5878097034664
229,2,0.20197089371272506,0.08271635661053456,0.1927265278612667,-169.7724020400101,3.3328300862307567,-98.85598312024791
229,4,0.1962911742473994,0.09512019301873108,0.21388974687014997,176.80194455187987,13.075515598209646,93.46834973408873
230,2,0.20221361441345403,0.08291544676119927,0.19294858378866198,-169.88378516113832,3.2614208249334378,-98.73858069190501
230,4,0.1966140265825678,0.09534546313271149,0.2141743317983911,176.67084064112632,12.947076307444615,93.52431408210016
231,2,0.20206052155931653,0.08282564359238946,0.1927945097966168,-169.86014459564058,3.3566529536072855,-98.73754624077348
231,4,0.19567780241537427,0.09485758516167885,0.2131690094393704,176.32888253890408,12.98386816937854,93.53624156139213
232,2,0.201771863370697,0.08272447736215832,0.19251471217158606,-169.64063868911154,3.3209256227551283,-98.53710527248863
232,4,0.19608503512667,0.0950825902258543,0.21365167297980317,176.2671326972933,13.174829140973369,93.51788893782975
233,2,0.20287506996847415,0.08340729021787081,0.19351343585213232,-169.8415206463801,3.2903939863868152,-98.69361513137491
233,4,0.1961600860776571,0.09532037015658745,0.21367345359008966,176.42043994998363,13.153295390156844,93.67971381898985
234,2,0.2026959769549077,0.08375859528610699,0.1932957386782889,-169.8452074366632,3.2641197452470787,-98.52035311979647
234,4,0.19538399037484794,0.09535027510341576,0.2126434094753022,176.0094566398081,12.846185411286127,93.65076849021305
235,2,0.2061457153257585,0.09018043143496371,0.1961228681395127,-170.12281820507357,3.8860072374914507,-97.22436582492458
235,4,0.1998845706059587,0.10242632438968602,0.21690031124274015,177.69764087794056,12.241589283544908,95.44288550228731
236,2,0.20272208694041996,0.08928858882702245,0.1928226928121051,-169.26993855641447,3.507850108992776,-96.77127683885693
236,4,0.19759981128162613,0.10174029316248276,0.21434863088841657,176.71424159969393,12.134307153557383,95.4221602850939
237,2,0.20321327325229843,0.08957912238310664,0.1932897812572391,-169.37165052758934,3.4585105071150175,-96.80690917736102
237,4,0.19690403295603445,0.10141857083807876,0.2135983925899105,176.27223601609313,12.487970153514484,95.31986725122034
238,2,0.2035861595841009,0.09016925514498672,0.19360787422302977,-169.4324797435963,3.566234654583913,-96.66045713555071
238,4,0.19641520623158412,0.10160036414083662,0.2130606974683716,176.03884124148067,12.405832439176685,95.42018480938282
239,2,0.20308584375045183,0.09129471714294547,0.1930729999231229,-169.2130561978225,3.6052631407481908,-96.12439869519707
239,4,0.19725465267015008,0.10332479971661007,0.21379640284386867,176.37951464949924,12.076214564161791,95.76264926540092
240,2,0.2028098713583473,0.09130083539892703,0.1928105336031103,-168.96305276364362,3.6115924841003193,-96.06639954232291
240,4,0.19739409774185132,0.10351628173896917,0.2139107067568053,176.5719522159754,12.152389615067067,95.83688662110619
241,2,0.2039068821856879,0.09333960446590356,0.1937916521639276,-169.21170812053913,3.6347071418754964,-95.91375050030064
241,4,0.1969221107354674,0.1047572482456781,0.21329835986609774,176.07640449552193,12.225035834625327,96.31495633859535
242,2,0.20432475403218056,0.0946413597214633,0.19417389437052937,-169.05693506793122,3.652796674221847,-95.31981066222488
242,4,0.19820795114829107,0.106507605581157,0.2146178509814161,176.8541193261342,11.883111001977195,96.6558116865836
243,2,0.20372874021834203,0.09553081475061602,0.19357238706927657,-168.9890036961156,3.786329732189151,-95.01503835560986
243,4,0.19744706157763203,0.10722663644252305,0.2136922825342598,176.33800793558734,11.522915809745873,96.86060690021633
244,2,0.20525041941899533,0.09722985288609508,0.19502668311940263,-169.2343822325688,3.9547600519013555,-94.96386563745445
244,4,0.1979117172804454,0.10837697103415744,0.21413748167561925,176.44957749173014,11.468641956043506,97.15545790784724
245,2,0.20389197238261456,0.09703444446145776,0.19374576366492763,-168.72869370358268,3.4587402564642464,-94.33259430677697
245,4,0.19714969916638922,0.10843416319122179,0.21330904663445063,175.9851752958967,11.516405970652917,97.17785562076524
246,2,0.20503519212593435,0.09744414888728367,0.1950140169687098,-169.0793986495127,3.033810602636408,-94.60927321840117
246,4,0.19552417358566881,0.10755771141213319,0.2117507866713202,175.70615286441074,10.735554611050736,96.30362594582813
247,2,0.20440230363257123,0.09681903565239329,0.19439071642740952,-168.95454495901032,2.6463196623015515,-94.13512004923106
247,4,0.19549337736214853,0.10733859471147442,0.2117782178989313,175.54006576194067,10.722726697507664,95.73840812980355
248,2,0.20428521998355245,0.09640413625471346,0.19436378863150128,-168.87547868735186,2.1451484989147303,-94.16276611884997
248,4,0.19413323087355705,0.10640722726001248,0.2103464261382122,175.23194119423192,9.900473935006561,94.72925613188382
249,2,0.20469999027104382,0.09642530385247952,0.19475463231140994,-168.9130719283716,1.7366571372527062,-94.00359074876903
249,4,0.1935875064181856,0.10602885265302783,0.20977160687409233,174.91386813343374,9.82745388628625,94.26408529460942
250,2,0.20493632024742856,0.09678520907806214,0.195025119841748,-169.0005549946722,1.647204827419892,-93.85328249659453
250,4,0.19284858992984555,0.10587060998474358,0.20895462052781197,174.5906567385261,9.62598209814269,94.2365475074595
251,2,0.2048891726516301,0.0975812240173069,0.19499308686452632,-168.78225209364314,1.5964066408839641,-93.65324309691816
251,4,0.1934443053522672,0.10701325091468986,0.20963149764522726,174.77985741555275,9.685749782697206,94.32747131903714
252,2,0.20489565005675706,0.09796963921410597,0.19498543613319827,-168.74325325183565,1.5447059672534331,-93.40417095873879
252,4,0.19278814342835496,0.10697423971785301,0.20890046482285737,174.4686334134625,9.716991348482168,94.52941649189351
253,2,0.20502500661852308,0.09874022706713852,0.19511961543332526,-168.81886697804475,1.723487086467231,-93.3772150113998
253,4,0.1930904382212128,0.10780251365316969,0.2091463683494267,174.46939410202052,9.63447304166283,94.51202579737468
254,2,0.20464412840729898,0.09917326018390185,0.19470681898051104,-168.6006435240992,1.6732968572418025,-93.02497155799155
254,4,0.19378501533378312,0.10877300599838985,0.20983736848233564,175.04921593820472,9.330933193333111,94.84435520915929
255,4,0.19310546596998904,0.10855623728368727,0.20909762881690494,174.5828390929059,9.505269984312067,94.80482790418253
255,2,0.2054961779580556,0.09977862993483604,0.19551995788067836,-168.99404378065816,1.8405736186542567,-93.22585100370848
256,2,0.2046974565229597,0.09952488241476151,0.19478173449801503,-168.63035990800296,1.7202767307435514,-92.92320239113138
256,4,0.1937802986828976,0.10903399269440966,0.20980117617273047,174.68900593527226,9.384333871657887,94.8944203305447
257,2,0.20477926360320353,0.0996469020641326,0.19486316574070217,-168.7277698342205,1.8537103697522246,-93.07398116147613
257,4,0.1933332691981047,0.10890495091478464,0.2093565391705687,174.47618738986472,9.508383713511405,94.87700338014292
258,2,0.2048340262258475,0.09967642118752255,0.19490355039948828,-168.76481035851128,1.8707530358696673,-93.07796891465874
258,4,0.19376821421211665,0.10914823939627631,0.20983391424721337,174.78034250139356,9.49857255351489,94.98621604065264
259,2,0.2048436255838263,0.0996721043049933,0.1948992801236562,-168.80358687877683,2.003837746953693,-93.21117535181556
259,4,0.1938331552801997,0.10914865275676323,0.20989433456481316,174.797055312637,9.644155386658458,94.81458421891585
260,2,0.20531379139138548,0.09973618865481279,0.19537184013267658,-168.82317666637417,1.7317472171989987,-93.06849203640584
260,4,0.1936375705462188,0.10888389023173849,0.20964829936657176,174.77032872537436,9.561121883940173,95.07459147142552
261,2,0.2051184241706304,0.09958254624476445,0.1951858434259139,-168.82653753473966,1.7595008413885742,-93.18119659844506
261,4,0.1929845004109655,0.10846597198987044,0.20898450940666402,174.74941979022387,9.405329828077882,94.94657217545988
262,4,0.1936002410037407,0.1088994852533908,0.2096663488391726,174.91518265130023,9.468498743601218,94.99883657464213
262,2,0.20539310220873475,0.09979684996198873,0.19543454972496166,-168.7517063046755,1.6707804741943213,-93.0027978145191
