frame,yaw,input_angle,pred_angle
1,-10.361512278698466,120.0,116.05822141519187
1,-10.361512278698466,120.0,116.05822141519187
1,-10.361512278698466,120.0,116.05822141519187
1,-10.361512278698466,120.0,116.05822141519187
2,-10.342570824779424,120.0,115.97041702539477
2,-10.342570824779424,120.0,115.97041702539477
2,-10.342570824779424,120.0,115.97041702539477
2,-10.342570824779424,120.0,115.97041702539477
3,-10.320186095932542,119.0,115.86665110195644
3,-10.320186095932542,119.0,115.86665110195644
3,-10.320186095932542,119.0,115.86665110195644
3,-10.320186095932542,119.0,115.86665110195644
4,-10.3106447681577,119.0,115.82242163220693
4,-10.3106447681577,119.0,115.82242163220693
4,-10.3106447681577,119.0,115.82242163220693
4,-10.3106447681577,119.0,115.82242163220693
5,-10.241043483544116,119.0,115.49978017338805
5,-10.241043483544116,119.0,115.49978017338805
5,-10.241043483544116,119.0,115.49978017338805
5,-10.241043483544116,119.0,115.49978017338805
6,-10.385478463319904,119.0,116.16931828375562
6,-10.385478463319904,119.0,116.16931828375562
6,-10.385478463319904,119.0,116.16931828375562
6,-10.385478463319904,119.0,116.16931828375562
7,-10.279835885158212,118.0,115.67960497284896
7,-10.279835885158212,118.0,115.67960497284896
7,-10.279835885158212,118.0,115.67960497284896
7,-10.279835885158212,118.0,115.67960497284896
8,-10.411465442274809,118.0,116.28978268102723
8,-10.411465442274809,118.0,116.28978268102723
8,-10.411465442274809,118.0,116.28978268102723
8,-10.411465442274809,118.0,116.28978268102723
9,-10.516854928002832,118.0,116.77832276485239
9,-10.516854928002832,118.0,116.77832276485239
9,-10.516854928002832,118.0,116.77832276485239
9,-10.516854928002832,118.0,116.77832276485239
10,-10.66331190171892,117.0,117.45723396478638
10,-10.66331190171892,117.0,117.45723396478638
10,-10.66331190171892,117.0,117.45723396478638
10,-10.66331190171892,117.0,117.45723396478638
11,-10.804012588460578,117.0,118.10946150741259
11,-10.804012588460578,117.0,118.10946150741259
11,-10.804012588460578,117.0,118.10946150741259
11,-10.804012588460578,117.0,118.10946150741259
12,-10.946125288320085,117.0,118.76823453227729
12,-10.946125288320085,117.0,118.76823453227729
12,-10.946125288320085,117.0,118.76823453227729
12,-10.946125288320085,117.0,118.76823453227729
13,-11.154611713322629,117.0,119.73468744590099
13,-11.154611713322629,117.0,119.73468744590099
13,-11.154611713322629,117.0,119.73468744590099
13,-11.154611713322629,117.0,119.73468744590099
14,-11.271221355396946,116.0,120.27523932278203
14,-11.271221355396946,116.0,120.27523932278203
14,-11.271221355396946,116.0,120.27523932278203
14,-11.271221355396946,116.0,120.27523932278203
15,-11.262131762645192,116.0,120.23310390126247
15,-11.262131762645192,116.0,120.23310390126247
15,-11.262131762645192,116.0,120.23310390126247
15,-11.262131762645192,116.0,120.23310390126247
16,-11.364981765666151,116.0,120.70987204136848
16,-11.364981765666151,116.0,120.70987204136848
16,-11.364981765666151,116.0,120.70987204136848
16,-11.364981765666151,116.0,120.70987204136848
17,-11.4670141484724,116.0,121.18285004771046
17,-11.4670141484724,116.0,121.18285004771046
17,-11.4670141484724,116.0,121.18285004771046
17,-11.4670141484724,116.0,121.18285004771046
18,-11.325969003281614,116.0,120.52902574466314
18,-11.325969003281614,116.0,120.52902574466314
18,-11.325969003281614,116.0,120.52902574466314
18,-11.325969003281614,116.0,120.52902574466314
19,-11.330266290980266,116.0,120.54894611222181
19,-11.330266290980266,116.0,120.54894611222181
19,-11.330266290980266,116.0,120.54894611222181
19,-11.330266290980266,116.0,120.54894611222181
20,-11.226463851593916,116.0,120.06776288897376
20,-11.226463851593916,116.0,120.06776288897376
20,-11.226463851593916,116.0,120.06776288897376
20,-11.226463851593916,116.0,120.06776288897376
21,-10.941512715659776,115.0,118.74685263997037
21,-10.941512715659776,115.0,118.74685263997037
21,-10.941512715659776,115.0,118.74685263997037
21,-10.941512715659776,115.0,118.74685263997037
22,-10.605830780968464,115.0,117.19077634469454
22,-10.605830780968464,115.0,117.19077634469454
22,-10.605830780968464,115.0,117.19077634469454
22,-10.605830780968464,115.0,117.19077634469454
23,-10.368487174023594,115.0,116.09055401386877
23,-10.368487174023594,115.0,116.09055401386877
23,-10.368487174023594,115.0,116.09055401386877
23,-10.368487174023594,115.0,116.09055401386877
24,-10.251310756845012,114.0,115.54737481268651
24,-10.251310756845012,114.0,115.54737481268651
24,-10.251310756845012,114.0,115.54737481268651
24,-10.251310756845012,114.0,115.54737481268651
25,-9.59972866014044,113.0,112.52692196633217
25,-9.59972866014044,113.0,112.52692196633217
25,-9.59972866014044,113.0,112.52692196633217
25,-9.59972866014044,113.0,112.52692196633217
26,-9.321989803073109,112.0,111.23944472345667
26,-9.321989803073109,112.0,111.23944472345667
26,-9.321989803073109,112.0,111.23944472345667
26,-9.321989803073109,112.0,111.23944472345667
27,-9.12317617344325,111.0,110.3178307065175
27,-9.12317617344325,111.0,110.3178307065175
27,-9.12317617344325,111.0,110.3178307065175
27,-9.12317617344325,111.0,110.3178307065175
28,-8.674677093806359,110.0,108.23878291111626
28,-8.674677093806359,110.0,108.23878291111626
28,-8.674677093806359,110.0,108.23878291111626
28,-8.674677093806359,110.0,108.23878291111626
29,-8.091828398573453,109.0,105.53694839262066
29,-8.091828398573453,109.0,105.53694839262066
29,-8.091828398573453,109.0,105.53694839262066
29,-8.091828398573453,109.0,105.53694839262066
30,-7.909815854183176,109.0,104.69321694180844
30,-7.909815854183176,109.0,104.69321694180844
30,-7.909815854183176,109.0,104.69321694180844
30,-7.909815854183176,109.0,104.69321694180844
31,-7.798750795935528,108.0,104.17836735798582
31,-7.798750795935528,108.0,104.17836735798582
31,-7.798750795935528,108.0,104.17836735798582
31,-7.798750795935528,108.0,104.17836735798582
32,-7.341455782541253,107.0,102.05854541718034
32,-7.341455782541253,107.0,102.05854541718034
32,-7.341455782541253,107.0,102.05854541718034
32,-7.341455782541253,107.0,102.05854541718034
33,-7.4689584115963,107.0,102.64959247141147
33,-7.4689584115963,107.0,102.64959247141147
33,-7.4689584115963,107.0,102.64959247141147
33,-7.4689584115963,107.0,102.64959247141147
34,-7.520949457804152,106.0,102.89060047991518
34,-7.520949457804152,106.0,102.89060047991518
34,-7.520949457804152,106.0,102.89060047991518
34,-7.520949457804152,106.0,102.89060047991518
35,-7.593954615311857,106.0,103.22902082158501
35,-7.593954615311857,106.0,103.22902082158501
35,-7.593954615311857,106.0,103.22902082158501
35,-7.593954615311857,106.0,103.22902082158501
36,-7.70604483838213,105.0,103.74862262622852
36,-7.70604483838213,105.0,103.74862262622852
36,-7.70604483838213,105.0,103.74862262622852
36,-7.70604483838213,105.0,103.74862262622852
37,-7.553169144167674,105.0,103.03995701361606
37,-7.553169144167674,105.0,103.03995701361606
37,-7.553169144167674,105.0,103.03995701361606
37,-7.553169144167674,105.0,103.03995701361606
38,-7.49539298043702,104.0,102.77213170184908
38,-7.49539298043702,104.0,102.77213170184908
38,-7.49539298043702,104.0,102.77213170184908
38,-7.49539298043702,104.0,102.77213170184908
39,-7.491379513447251,103.0,102.75352700436844
39,-7.491379513447251,103.0,102.75352700436844
39,-7.491379513447251,103.0,102.75352700436844
39,-7.491379513447251,103.0,102.75352700436844
40,-7.677333217277768,102.0,103.61552796612855
40,-7.677333217277768,102.0,103.61552796612855
40,-7.677333217277768,102.0,103.61552796612855
40,-7.677333217277768,102.0,103.61552796612855
41,-7.748934347860711,101.0,103.94743984609768
41,-7.748934347860711,101.0,103.94743984609768
41,-7.748934347860711,101.0,103.94743984609768
41,-7.748934347860711,101.0,103.94743984609768
42,-7.675146291927461,100.0,103.60539032586418
42,-7.675146291927461,100.0,103.60539032586418
42,-7.675146291927461,100.0,103.60539032586418
42,-7.675146291927461,100.0,103.60539032586418
43,-7.182788098205858,99.0,101.32303064291148
43,-7.182788098205858,99.0,101.32303064291148
43,-7.182788098205858,99.0,101.32303064291148
43,-7.182788098205858,99.0,101.32303064291148
44,-6.260282365898647,98.0,97.04669297338695
44,-6.260282365898647,98.0,97.04669297338695
44,-6.260282365898647,98.0,97.04669297338695
44,-6.260282365898647,98.0,97.04669297338695
45,-4.951656137218012,97.0,90.98046764702639
45,-4.951656137218012,97.0,90.98046764702639
45,-4.951656137218012,97.0,90.98046764702639
45,-4.951656137218012,97.0,90.98046764702639
46,-4.052939525808072,96.0,86.81440605520541
46,-4.052939525808072,96.0,86.81440605520541
46,-4.052939525808072,96.0,86.81440605520541
46,-4.052939525808072,96.0,86.81440605520541
47,-3.932999465882747,95.0,86.25841580129023
47,-3.932999465882747,95.0,86.25841580129023
47,-3.932999465882747,95.0,86.25841580129023
47,-3.932999465882747,95.0,86.25841580129023
48,-3.1726553429825533,94.0,82.7337892318405
48,-3.1726553429825533,94.0,82.7337892318405
48,-3.1726553429825533,94.0,82.7337892318405
48,-3.1726553429825533,94.0,82.7337892318405
49,-2.3922882350906933,93.0,79.1163447622114
49,-2.3922882350906933,93.0,79.1163447622114
49,-2.3922882350906933,93.0,79.1163447622114
49,-2.3922882350906933,93.0,79.1163447622114
50,-2.3102396034065227,92.0,78.7360027847947
50,-2.3102396034065227,92.0,78.7360027847947
50,-2.3102396034065227,92.0,78.7360027847947
50,-2.3102396034065227,92.0,78.7360027847947
51,-1.6548821600079149,91.0,75.69804906368388
51,-1.6548821600079149,91.0,75.69804906368388
51,-1.6548821600079149,91.0,75.69804906368388
51,-1.6548821600079149,91.0,75.69804906368388
52,-1.65025609819746,90.0,75.67660464150981
52,-1.65025609819746,90.0,75.67660464150981
52,-1.65025609819746,90.0,75.67660464150981
52,-1.65025609819746,90.0,75.67660464150981
53,-1.5806437986228543,89.0,75.35391212209468
53,-1.5806437986228543,89.0,75.35391212209468
53,-1.5806437986228543,89.0,75.35391212209468
53,-1.5806437986228543,89.0,75.35391212209468
54,-1.32519766203567,88.0,74.16977429165517
54,-1.32519766203567,88.0,74.16977429165517
54,-1.32519766203567,88.0,74.16977429165517
54,-1.32519766203567,88.0,74.16977429165517
55,-0.970357669520854,87.0,72.52488952454395
55,-0.970357669520854,87.0,72.52488952454395
55,-0.970357669520854,87.0,72.52488952454395
55,-0.970357669520854,87.0,72.52488952454395
56,-0.2882564183286003,86.0,69.36296307492937
56,-0.2882564183286003,86.0,69.36296307492937
56,-0.2882564183286003,86.0,69.36296307492937
56,-0.2882564183286003,86.0,69.36296307492937
57,0.0944838296317512,85.0,67.58874478806571
57,0.0944838296317512,85.0,67.58874478806571
57,0.0944838296317512,85.0,67.58874478806571
58,3.735934090891475,84.0,50.708555995115134
58,3.735934090891475,84.0,50.708555995115134
58,3.735934090891475,84.0,50.708555995115134
58,3.735934090891475,84.0,50.708555995115134
59,0.9486778327630118,83.0,63.6290707559745
59,0.9486778327630118,83.0,63.6290707559745
59,0.9486778327630118,83.0,63.6290707559745
59,0.9486778327630118,83.0,63.6290707559745
60,1.2409848125275076,82.0,62.27406199575188
60,1.2409848125275076,82.0,62.27406199575188
60,1.2409848125275076,82.0,62.27406199575188
60,1.2409848125275076,82.0,62.27406199575188
61,1.5832644568535694,81.0,60.68740157155892
61,1.5832644568535694,81.0,60.68740157155892
61,1.5832644568535694,81.0,60.68740157155892
61,1.5832644568535694,81.0,60.68740157155892
62,2.1336899776111573,80.0,58.13586686965914
62,2.1336899776111573,80.0,58.13586686965914
62,2.1336899776111573,80.0,58.13586686965914
62,2.1336899776111573,80.0,58.13586686965914
63,2.290459582833956,79.0,57.40915076939811
63,2.290459582833956,79.0,57.40915076939811
63,2.290459582833956,79.0,57.40915076939811
63,2.290459582833956,79.0,57.40915076939811
64,2.7028273615162184,78.0,55.497592061500725
64,2.7028273615162184,78.0,55.497592061500725
64,2.7028273615162184,78.0,55.497592061500725
64,2.7028273615162184,78.0,55.497592061500725
65,2.985067400988639,77.0,54.18924928337469
65,2.985067400988639,77.0,54.18924928337469
65,2.985067400988639,77.0,54.18924928337469
65,2.985067400988639,77.0,54.18924928337469
66,3.2031345610738144,76.0,53.17838422476288
66,3.2031345610738144,76.0,53.17838422476288
66,3.2031345610738144,76.0,53.17838422476288
66,3.2031345610738144,76.0,53.17838422476288
67,3.5493919306334014,75.0,51.57328478641594
67,3.5493919306334014,75.0,51.57328478641594
67,3.5493919306334014,75.0,51.57328478641594
67,3.5493919306334014,75.0,51.57328478641594
68,3.5490158096179667,74.0,51.57502832080307
68,3.5490158096179667,74.0,51.57502832080307
68,3.5490158096179667,74.0,51.57502832080307
68,3.5490158096179667,74.0,51.57502832080307
69,3.7313792458927417,74.0,50.72967028694529
69,3.7313792458927417,74.0,50.72967028694529
69,3.7313792458927417,74.0,50.72967028694529
69,3.7313792458927417,74.0,50.72967028694529
70,3.888751576238514,73.0,50.000160213641635
70,3.888751576238514,73.0,50.000160213641635
70,3.888751576238514,73.0,50.000160213641635
70,3.888751576238514,73.0,50.000160213641635
71,4.227181262262067,73.0,48.43134653135883
71,4.227181262262067,73.0,48.43134653135883
71,4.227181262262067,73.0,48.43134653135883
71,4.227181262262067,73.0,48.43134653135883
72,4.752927909835144,72.0,45.99421241402386
72,4.752927909835144,72.0,45.99421241402386
72,4.752927909835144,72.0,45.99421241402386
72,4.752927909835144,72.0,45.99421241402386
73,5.047435049267868,71.0,44.6290046649617
73,5.047435049267868,71.0,44.6290046649617
73,5.047435049267868,71.0,44.6290046649617
73,5.047435049267868,71.0,44.6290046649617
74,5.414640494794798,70.0,42.9267990046955
74,5.414640494794798,70.0,42.9267990046955
74,5.414640494794798,70.0,42.9267990046955
74,5.414640494794798,70.0,42.9267990046955
75,5.432184866475495,70.0,42.84547088403585
75,5.432184866475495,70.0,42.84547088403585
75,5.432184866475495,70.0,42.84547088403585
75,5.432184866475495,70.0,42.84547088403585
76,2.757406731980074,69.0,55.244585700976785
76,2.757406731980074,69.0,55.244585700976785
76,2.757406731980074,69.0,55.244585700976785
76,2.757406731980074,69.0,55.244585700976785
77,2.5768749210892583,69.0,56.08145311157708
77,2.5768749210892583,69.0,56.08145311157708
77,2.5768749210892583,69.0,56.08145311157708
77,2.5768749210892583,69.0,56.08145311157708
77,2.5768749210892583,69.0,56.08145311157708
78,3.879498571138857,68.0,50.04305314414408
78,3.879498571138857,68.0,50.04305314414408
78,3.879498571138857,68.0,50.04305314414408
78,3.879498571138857,68.0,50.04305314414408
79,5.522944304739298,68.0,42.42474937400068
79,5.522944304739298,68.0,42.42474937400068
79,5.522944304739298,68.0,42.42474937400068
79,5.522944304739298,68.0,42.42474937400068
80,5.446081761236604,68.0,42.78105088915114
80,5.446081761236604,68.0,42.78105088915114
80,5.446081761236604,68.0,42.78105088915114
80,5.446081761236604,68.0,42.78105088915114
81,5.399789170345341,67.0,42.99564332290555
81,5.399789170345341,67.0,42.99564332290555
81,5.399789170345341,67.0,42.99564332290555
81,5.399789170345341,67.0,42.99564332290555
81,5.399789170345341,67.0,42.99564332290555
82,3.937084981588678,67.0,49.776107446534844
82,3.937084981588678,67.0,49.776107446534844
82,3.937084981588678,67.0,49.776107446534844
82,3.937084981588678,67.0,49.776107446534844
83,5.467469164961511,67.0,42.681908133719794
83,5.467469164961511,67.0,42.681908133719794
83,5.467469164961511,67.0,42.681908133719794
83,5.467469164961511,67.0,42.681908133719794
84,5.425032655175115,66.0,42.87862544289992
84,5.425032655175115,66.0,42.87862544289992
84,5.425032655175115,66.0,42.87862544289992
84,5.425032655175115,66.0,42.87862544289992
85,5.780351458675839,66.0,41.23152111510315
85,5.780351458675839,66.0,41.23152111510315
85,5.780351458675839,66.0,41.23152111510315
85,5.780351458675839,66.0,41.23152111510315
85,5.780351458675839,66.0,41.23152111510315
86,4.3976956431211605,66.0,47.640915594697105
86,4.3976956431211605,66.0,47.640915594697105
86,4.3976956431211605,66.0,47.640915594697105
86,4.3976956431211605,66.0,47.640915594697105
86,4.3976956431211605,66.0,47.640915594697105
87,4.320021067356762,65.0,48.000981340277775
87,4.320021067356762,65.0,48.000981340277775
87,4.320021067356762,65.0,48.000981340277775
87,4.320021067356762,65.0,48.000981340277775
87,4.320021067356762,65.0,48.000981340277775
88,4.139121348471895,64.0,48.83955421324951
88,4.139121348471895,64.0,48.83955421324951
88,4.139121348471895,64.0,48.83955421324951
88,4.139121348471895,64.0,48.83955421324951
88,4.139121348471895,64.0,48.83955421324951
89,4.246098775482906,64.0,48.34365312028627
89,4.246098775482906,64.0,48.34365312028627
89,4.246098775482906,64.0,48.34365312028627
89,4.246098775482906,64.0,48.34365312028627
90,3.077290404871658,63.0,53.76174331599679
90,3.077290404871658,63.0,53.76174331599679
90,3.077290404871658,63.0,53.76174331599679
91,4.724094296711305,62.0,46.12787257637492
91,4.724094296711305,62.0,46.12787257637492
91,4.724094296711305,62.0,46.12787257637492
91,4.724094296711305,62.0,46.12787257637492
91,4.724094296711305,62.0,46.12787257637492
92,4.582602606869336,62.0,46.783766867332446
92,4.582602606869336,62.0,46.783766867332446
92,4.582602606869336,62.0,46.783766867332446
92,4.582602606869336,62.0,46.783766867332446
92,4.582602606869336,62.0,46.783766867332446
93,4.772153815153609,61.0,45.90508943054013
93,4.772153815153609,61.0,45.90508943054013
93,4.772153815153609,61.0,45.90508943054013
93,4.772153815153609,61.0,45.90508943054013
94,6.8372730503724775,60.0,36.33208964490283
94,6.8372730503724775,60.0,36.33208964490283
94,6.8372730503724775,60.0,36.33208964490283
94,6.8372730503724775,60.0,36.33208964490283
94,6.8372730503724775,60.0,36.33208964490283
95,4.878182461664086,60.0,45.4135864737103
95,4.878182461664086,60.0,45.4135864737103
95,4.878182461664086,60.0,45.4135864737103
95,4.878182461664086,60.0,45.4135864737103
95,4.878182461664086,60.0,45.4135864737103
96,4.4433200955024335,60.0,47.4294203621618
96,4.4433200955024335,60.0,47.4294203621618
96,4.4433200955024335,60.0,47.4294203621618
96,4.4433200955024335,60.0,47.4294203621618
96,4.4433200955024335,60.0,47.4294203621618
97,4.388828229938362,59.0,47.682021087808785
97,4.388828229938362,59.0,47.682021087808785
97,4.388828229938362,59.0,47.682021087808785
97,4.388828229938362,59.0,47.682021087808785
97,4.388828229938362,59.0,47.682021087808785
98,4.229569833973395,59.0,48.42027414575969
98,4.229569833973395,59.0,48.42027414575969
98,4.229569833973395,59.0,48.42027414575969
98,4.229569833973395,59.0,48.42027414575969
99,2.8908581504749713,58.0,54.625962631249166
99,2.8908581504749713,58.0,54.625962631249166
99,2.8908581504749713,58.0,54.625962631249166
99,2.8908581504749713,58.0,54.625962631249166
100,6.471018863374973,58.0,38.0298856819652
100,6.471018863374973,58.0,38.0298856819652
100,6.471018863374973,58.0,38.0298856819652
100,6.471018863374973,58.0,38.0298856819652
101,6.660851778299917,58.0,37.14990237500095
101,6.660851778299917,58.0,37.14990237500095
101,6.660851778299917,58.0,37.14990237500095
101,6.660851778299917,58.0,37.14990237500095
102,6.582741881043456,57.0,37.5119860827792
102,6.582741881043456,57.0,37.5119860827792
102,6.582741881043456,57.0,37.5119860827792
102,6.582741881043456,57.0,37.5119860827792
102,6.582741881043456,57.0,37.5119860827792
103,4.772668924481511,57.0,45.90270160643705
103,4.772668924481511,57.0,45.90270160643705
103,4.772668924481511,57.0,45.90270160643705
104,5.906404054817797,56.0,40.64719578644091
104,5.906404054817797,56.0,40.64719578644091
104,5.906404054817797,56.0,40.64719578644091
104,5.906404054817797,56.0,40.64719578644091
105,7.493059708720881,56.0,33.292146268883805
105,7.493059708720881,56.0,33.292146268883805
105,7.493059708720881,56.0,33.292146268883805
105,7.493059708720881,56.0,33.292146268883805
106,3.686665498165015,55.0,50.93694388650924
106,3.686665498165015,55.0,50.93694388650924
106,3.686665498165015,55.0,50.93694388650924
106,3.686665498165015,55.0,50.93694388650924
106,3.686665498165015,55.0,50.93694388650924
107,5.370787206978005,55.0,43.13008388418827
107,5.370787206978005,55.0,43.13008388418827
107,5.370787206978005,55.0,43.13008388418827
107,5.370787206978005,55.0,43.13008388418827
108,7.418238394750461,55.0,33.6389855265812
108,7.418238394750461,55.0,33.6389855265812
108,7.418238394750461,55.0,33.6389855265812
108,7.418238394750461,55.0,33.6389855265812
108,7.418238394750461,55.0,33.6389855265812
109,4.848485217243507,54.0,45.55125005730581
109,4.848485217243507,54.0,45.55125005730581
109,4.848485217243507,54.0,45.55125005730581
109,4.848485217243507,54.0,45.55125005730581
109,4.848485217243507,54.0,45.55125005730581
110,4.669390656479114,54.0,46.38145499780873
110,4.669390656479114,54.0,46.38145499780873
110,4.669390656479114,54.0,46.38145499780873
110,4.669390656479114,54.0,46.38145499780873
111,6.865179390017309,54.0,36.20272792143335
111,6.865179390017309,54.0,36.20272792143335
111,6.865179390017309,54.0,36.20272792143335
112,5.662226802113544,53.0,41.779095944035234
112,5.662226802113544,53.0,41.779095944035234
112,5.662226802113544,53.0,41.779095944035234
112,5.662226802113544,53.0,41.779095944035234
112,5.662226802113544,53.0,41.779095944035234
113,4.303459771555497,53.0,48.077752346257284
113,4.303459771555497,53.0,48.077752346257284
113,4.303459771555497,53.0,48.077752346257284
113,4.303459771555497,53.0,48.077752346257284
113,4.303459771555497,53.0,48.077752346257284
114,4.52938472979759,53.0,47.030461933220934
114,4.52938472979759,53.0,47.030461933220934
114,4.52938472979759,53.0,47.030461933220934
114,4.52938472979759,53.0,47.030461933220934
115,6.919298010422729,52.0,35.95185739894501
115,6.919298010422729,52.0,35.95185739894501
115,6.919298010422729,52.0,35.95185739894501
115,6.919298010422729,52.0,35.95185739894501
115,6.919298010422729,52.0,35.95185739894501
116,4.972370201537483,52.0,44.976972839862604
116,4.972370201537483,52.0,44.976972839862604
116,4.972370201537483,52.0,44.976972839862604
116,4.972370201537483,52.0,44.976972839862604
117,6.535217137718035,52.0,37.732290242416994
117,6.535217137718035,52.0,37.732290242416994
117,6.535217137718035,52.0,37.732290242416994
117,6.535217137718035,52.0,37.732290242416994
118,6.795144207744834,51.0,36.52738074217491
118,6.795144207744834,51.0,36.52738074217491
118,6.795144207744834,51.0,36.52738074217491
118,6.795144207744834,51.0,36.52738074217491
119,5.150696387589538,51.0,44.150329752269215
119,5.150696387589538,51.0,44.150329752269215
119,5.150696387589538,51.0,44.150329752269215
119,5.150696387589538,51.0,44.150329752269215
120,3.86786715098755,51.0,50.09697137836329
120,3.86786715098755,51.0,50.09697137836329
120,3.86786715098755,51.0,50.09697137836329
120,3.86786715098755,51.0,50.09697137836329
121,3.993155913213876,50.0,49.51618685344056
121,3.993155913213876,50.0,49.51618685344056
121,3.993155913213876,50.0,49.51618685344056
121,3.993155913213876,50.0,49.51618685344056
122,7.154039376140655,50.0,34.863697933198836
122,7.154039376140655,50.0,34.863697933198836
122,7.154039376140655,50.0,34.863697933198836
122,7.154039376140655,50.0,34.863697933198836
123,7.209645580725335,50.0,34.60593161370938
123,7.209645580725335,50.0,34.60593161370938
123,7.209645580725335,50.0,34.60593161370938
123,7.209645580725335,50.0,34.60593161370938
123,7.209645580725335,50.0,34.60593161370938
124,5.695476194982648,49.0,41.62496613623517
124,5.695476194982648,49.0,41.62496613623517
124,5.695476194982648,49.0,41.62496613623517
124,5.695476194982648,49.0,41.62496613623517
125,4.790783222647957,49.0,45.818731553034304
125,4.790783222647957,49.0,45.818731553034304
125,4.790783222647957,49.0,45.818731553034304
125,4.790783222647957,49.0,45.818731553034304
125,4.790783222647957,49.0,45.818731553034304
126,5.404667536292701,48.0,42.97302932785291
126,5.404667536292701,48.0,42.97302932785291
126,5.404667536292701,48.0,42.97302932785291
126,5.404667536292701,48.0,42.97302932785291
126,5.404667536292701,48.0,42.97302932785291
127,5.233772587202576,48.0,43.76522441427022
127,5.233772587202576,48.0,43.76522441427022
127,5.233772587202576,48.0,43.76522441427022
128,6.571938671120596,47.0,37.56206509250998
128,6.571938671120596,47.0,37.56206509250998
128,6.571938671120596,47.0,37.56206509250998
129,6.452694398633829,47.0,38.11482997672903
129,6.452694398633829,47.0,38.11482997672903
129,6.452694398633829,47.0,38.11482997672903
129,6.452694398633829,47.0,38.11482997672903
130,7.522460611629864,46.0,33.15585639639351
130,7.522460611629864,46.0,33.15585639639351
130,7.522460611629864,46.0,33.15585639639351
130,7.522460611629864,46.0,33.15585639639351
131,4.313150366048794,46.0,48.03283094054619
131,4.313150366048794,46.0,48.03283094054619
131,4.313150366048794,46.0,48.03283094054619
131,4.313150366048794,46.0,48.03283094054619
132,4.21497165755555,45.0,48.487944979160226
132,4.21497165755555,45.0,48.487944979160226
132,4.21497165755555,45.0,48.487944979160226
132,4.21497165755555,45.0,48.487944979160226
133,4.623096235718517,44.0,46.59605591404611
133,4.623096235718517,44.0,46.59605591404611
133,4.623096235718517,44.0,46.59605591404611
133,4.623096235718517,44.0,46.59605591404611
134,8.65863415037368,43.0,27.889047169424785
134,8.65863415037368,43.0,27.889047169424785
134,8.65863415037368,43.0,27.889047169424785
134,8.65863415037368,43.0,27.889047169424785
134,8.65863415037368,43.0,27.889047169424785
135,6.143279946276967,42.0,39.54914158235959
135,6.143279946276967,42.0,39.54914158235959
135,6.143279946276967,42.0,39.54914158235959
135,6.143279946276967,42.0,39.54914158235959
136,5.441933192614488,42.0,42.80028185937936
136,5.441933192614488,42.0,42.80028185937936
136,5.441933192614488,42.0,42.80028185937936
136,5.441933192614488,42.0,42.80028185937936
136,5.441933192614488,42.0,42.80028185937936
137,5.982431609283939,41.0,40.294764919402006
137,5.982431609283939,41.0,40.294764919402006
137,5.982431609283939,41.0,40.294764919402006
137,5.982431609283939,41.0,40.294764919402006
138,4.327153368909405,41.0,47.96791907439494
138,4.327153368909405,41.0,47.96791907439494
138,4.327153368909405,41.0,47.96791907439494
138,4.327153368909405,41.0,47.96791907439494
139,4.418300113116849,40.0,47.54540218148202
139,4.418300113116849,40.0,47.54540218148202
139,4.418300113116849,40.0,47.54540218148202
139,4.418300113116849,40.0,47.54540218148202
140,4.385138858809392,40.0,47.69912341702273
140,4.385138858809392,40.0,47.69912341702273
140,4.385138858809392,40.0,47.69912341702273
140,4.385138858809392,40.0,47.69912341702273
141,8.490916695718061,39.0,28.666512765640455
141,8.490916695718061,39.0,28.666512765640455
141,8.490916695718061,39.0,28.666512765640455
141,8.490916695718061,39.0,28.666512765640455
142,4.286071602534001,38.0,48.15835637893328
142,4.286071602534001,38.0,48.15835637893328
142,4.286071602534001,38.0,48.15835637893328
143,7.228409835370728,38.0,34.51894864312126
143,7.228409835370728,38.0,34.51894864312126
143,7.228409835370728,38.0,34.51894864312126
144,7.655432535102181,37.0,32.53945605824967
144,7.655432535102181,37.0,32.53945605824967
144,7.655432535102181,37.0,32.53945605824967
145,7.752040951504412,37.0,32.09162121475149
145,7.752040951504412,37.0,32.09162121475149
145,7.752040951504412,37.0,32.09162121475149
146,7.633895272180047,37.0,32.639293496117965
146,7.633895272180047,37.0,32.639293496117965
146,7.633895272180047,37.0,32.639293496117965
146,7.633895272180047,37.0,32.639293496117965
146,7.633895272180047,37.0,32.639293496117965
147,6.261336583716365,36.0,39.001882060668756
147,6.261336583716365,36.0,39.001882060668756
147,6.261336583716365,36.0,39.001882060668756
147,6.261336583716365,36.0,39.001882060668756
147,6.261336583716365,36.0,39.001882060668756
148,6.668328469999793,36.0,37.11524366531506
148,6.668328469999793,36.0,37.11524366531506
148,6.668328469999793,36.0,37.11524366531506
149,7.689863246761606,36.0,32.37985016735781
149,7.689863246761606,36.0,32.37985016735781
149,7.689863246761606,36.0,32.37985016735781
149,7.689863246761606,36.0,32.37985016735781
150,9.06831291781868,36.0,25.98995355485416
150,9.06831291781868,36.0,25.98995355485416
150,9.06831291781868,36.0,25.98995355485416
150,9.06831291781868,36.0,25.98995355485416
151,9.185742737101164,35.0,25.445599691093115
151,9.185742737101164,35.0,25.445599691093115
151,9.185742737101164,35.0,25.445599691093115
151,9.185742737101164,35.0,25.445599691093115
152,5.5446730118606276,35.0,42.324024483608284
152,5.5446730118606276,35.0,42.324024483608284
152,5.5446730118606276,35.0,42.324024483608284
153,7.76836166787529,35.0,32.01596543098107
153,7.76836166787529,35.0,32.01596543098107
153,7.76836166787529,35.0,32.01596543098107
153,7.76836166787529,35.0,32.01596543098107
153,7.76836166787529,35.0,32.01596543098107
154,6.672726068741872,35.0,37.09485829913509
154,6.672726068741872,35.0,37.09485829913509
154,6.672726068741872,35.0,37.09485829913509
154,6.672726068741872,35.0,37.09485829913509
155,9.2104241809061,35.0,25.331187190243575
155,9.2104241809061,35.0,25.331187190243575
155,9.2104241809061,35.0,25.331187190243575
155,9.2104241809061,35.0,25.331187190243575
155,9.2104241809061,35.0,25.331187190243575
156,7.039230978098662,35.0,35.39590002163121
156,7.039230978098662,35.0,35.39590002163121
156,7.039230978098662,35.0,35.39590002163121
156,7.039230978098662,35.0,35.39590002163121
157,9.501042777309053,35.0,23.984005045202537
157,9.501042777309053,35.0,23.984005045202537
157,9.501042777309053,35.0,23.984005045202537
157,9.501042777309053,35.0,23.984005045202537
158,5.666843575850115,34.0,41.75769457735539
158,5.666843575850115,34.0,41.75769457735539
158,5.666843575850115,34.0,41.75769457735539
159,7.62205596409308,34.0,32.694175408913004
159,7.62205596409308,34.0,32.694175408913004
159,7.62205596409308,34.0,32.694175408913004
159,7.62205596409308,34.0,32.694175408913004
160,9.331694568003584,34.0,24.76903011481189
160,9.331694568003584,34.0,24.76903011481189
160,9.331694568003584,34.0,24.76903011481189
161,7.53328494960307,34.0,33.105679446157424
161,7.53328494960307,34.0,33.105679446157424
161,7.53328494960307,34.0,33.105679446157424
161,7.53328494960307,34.0,33.105679446157424
162,9.368723757236449,34.0,24.59737880551063
162,9.368723757236449,34.0,24.59737880551063
162,9.368723757236449,34.0,24.59737880551063
163,7.212837090599304,33.0,34.59113715399087
163,7.212837090599304,33.0,34.59113715399087
163,7.212837090599304,33.0,34.59113715399087
164,7.361221688943443,33.0,33.903290319815326
164,7.361221688943443,33.0,33.903290319815326
164,7.361221688943443,33.0,33.903290319815326
164,7.361221688943443,33.0,33.903290319815326
165,9.32517568868804,33.0,24.799248820456597
165,9.32517568868804,33.0,24.799248820456597
165,9.32517568868804,33.0,24.799248820456597
165,9.32517568868804,33.0,24.799248820456597
166,9.38728515205893,33.0,24.511336205341877
166,9.38728515205893,33.0,24.511336205341877
166,9.38728515205893,33.0,24.511336205341877
166,9.38728515205893,33.0,24.511336205341877
166,9.38728515205893,33.0,24.511336205341877
167,6.4751313281048,33.0,38.01082207376976
167,6.4751313281048,33.0,38.01082207376976
167,6.4751313281048,33.0,38.01082207376976
168,7.159946642122573,32.0,34.83631440249795
168,7.159946642122573,32.0,34.83631440249795
168,7.159946642122573,32.0,34.83631440249795
169,7.094617310928994,32.0,35.13915293251904
169,7.094617310928994,32.0,35.13915293251904
169,7.094617310928994,32.0,35.13915293251904
170,7.246431923307364,31.0,34.43540603647082
170,7.246431923307364,31.0,34.43540603647082
170,7.246431923307364,31.0,34.43540603647082
170,7.246431923307364,31.0,34.43540603647082
171,9.991342572598834,30.0,21.711187207297094
171,9.991342572598834,30.0,21.711187207297094
171,9.991342572598834,30.0,21.711187207297094
172,7.613242012659893,30.0,32.735033076471154
172,7.613242012659893,30.0,32.735033076471154
172,7.613242012659893,30.0,32.735033076471154
173,7.205814588673023,30.0,34.6236904362849
173,7.205814588673023,30.0,34.6236904362849
173,7.205814588673023,30.0,34.6236904362849
174,7.627045458199808,29.0,32.67104627176704
174,7.627045458199808,29.0,32.67104627176704
174,7.627045458199808,29.0,32.67104627176704
175,6.4123223463698915,29.0,38.30197735353774
175,6.4123223463698915,29.0,38.30197735353774
175,6.4123223463698915,29.0,38.30197735353774
175,6.4123223463698915,29.0,38.30197735353774
176,10.45100939677181,29.0,19.58037057732846
176,10.45100939677181,29.0,19.58037057732846
176,10.45100939677181,29.0,19.58037057732846
177,6.7422907069544085,28.0,36.772386717185015
177,6.7422907069544085,28.0,36.772386717185015
177,6.7422907069544085,28.0,36.772386717185015
178,7.0090583057169065,28.0,35.53576748367247
178,7.0090583057169065,28.0,35.53576748367247
178,7.0090583057169065,28.0,35.53576748367247
179,6.20685305931301,28.0,39.2544441203015
179,6.20685305931301,28.0,39.2544441203015
179,6.20685305931301,28.0,39.2544441203015
180,6.105794347466325,27.0,39.722908609105005
180,6.105794347466325,27.0,39.722908609105005
180,6.105794347466325,27.0,39.722908609105005
180,6.105794347466325,27.0,39.722908609105005
181,9.958488517781396,27.0,21.8634843988398
181,9.958488517781396,27.0,21.8634843988398
181,9.958488517781396,27.0,21.8634843988398
181,9.958488517781396,27.0,21.8634843988398
182,10.040391605218156,27.0,21.483817101618563
182,10.040391605218156,27.0,21.483817101618563
182,10.040391605218156,27.0,21.483817101618563
182,10.040391605218156,27.0,21.483817101618563
183,10.01237881339546,26.0,21.61367229135309
183,10.01237881339546,26.0,21.61367229135309
183,10.01237881339546,26.0,21.61367229135309
184,5.385706665780821,26.0,43.06092372457839
184,5.385706665780821,26.0,43.06092372457839
184,5.385706665780821,26.0,43.06092372457839
185,5.245972039259302,26.0,43.70867302976309
185,5.245972039259302,26.0,43.70867302976309
185,5.245972039259302,26.0,43.70867302976309
185,5.245972039259302,26.0,43.70867302976309
186,9.919153792274033,25.0,22.045823177360823
186,9.919153792274033,25.0,22.045823177360823
186,9.919153792274033,25.0,22.045823177360823
186,9.919153792274033,25.0,22.045823177360823
187,10.162896507452688,25.0,20.915937347834564
187,10.162896507452688,25.0,20.915937347834564
187,10.162896507452688,25.0,20.915937347834564
187,10.162896507452688,25.0,20.915937347834564
188,9.921730940617053,25.0,22.033876632040567
188,9.921730940617053,25.0,22.033876632040567
188,9.921730940617053,25.0,22.033876632040567
189,4.965488683643201,24.0,45.008872581147926
189,4.965488683643201,24.0,45.008872581147926
189,4.965488683643201,24.0,45.008872581147926
190,4.819931778480665,24.0,45.68361145247092
190,4.819931778480665,24.0,45.68361145247092
190,4.819931778480665,24.0,45.68361145247092
191,4.319086151467221,24.0,48.00531520606989
191,4.319086151467221,24.0,48.00531520606989
191,4.319086151467221,24.0,48.00531520606989
192,4.109621024627937,23.0,48.97630495820323
192,4.109621024627937,23.0,48.97630495820323
192,4.109621024627937,23.0,48.97630495820323
193,4.077170863534582,23.0,49.126729873090845
193,4.077170863534582,23.0,49.126729873090845
193,4.077170863534582,23.0,49.126729873090845
194,3.624380072514904,23.0,51.22567218666168
194,3.624380072514904,23.0,51.22567218666168
194,3.624380072514904,23.0,51.22567218666168
195,3.887146522037273,22.0,50.00760055086884
195,3.887146522037273,22.0,50.00760055086884
195,3.887146522037273,22.0,50.00760055086884
195,3.887146522037273,22.0,50.00760055086884
196,9.67673236715232,22.0,23.16958407752894
196,9.67673236715232,22.0,23.16958407752894
196,9.67673236715232,22.0,23.16958407752894
196,9.67673236715232,22.0,23.16958407752894
197,10.096898084407698,22.0,21.221877498353344
197,10.096898084407698,22.0,21.221877498353344
197,10.096898084407698,22.0,21.221877498353344
198,3.0531164145344807,21.0,53.87380348200036
198,3.0531164145344807,21.0,53.87380348200036
198,3.0531164145344807,21.0,53.87380348200036
199,3.076578757506208,21.0,53.76504220545591
199,3.076578757506208,21.0,53.76504220545591
199,3.076578757506208,21.0,53.76504220545591
199,3.076578757506208,21.0,53.76504220545591
200,10.16036392970427,21.0,20.927677283151247
200,10.16036392970427,21.0,20.927677283151247
200,10.16036392970427,21.0,20.927677283151247
201,2.831178532208572,20.0,54.9026115351613
201,2.831178532208572,20.0,54.9026115351613
201,2.831178532208572,20.0,54.9026115351613
202,2.539710078690934,20.0,56.25373325029493
202,2.539710078690934,20.0,56.25373325029493
202,2.539710078690934,20.0,56.25373325029493
202,2.539710078690934,20.0,56.25373325029493
203,10.08892539858809,20.0,21.25883542230293
203,10.08892539858809,20.0,21.25883542230293
203,10.08892539858809,20.0,21.25883542230293
203,10.08892539858809,20.0,21.25883542230293
204,9.87942704406879,19.0,22.229979203592677
204,9.87942704406879,19.0,22.229979203592677
204,9.87942704406879,19.0,22.229979203592677
204,9.87942704406879,19.0,22.229979203592677
205,9.820344668023193,18.0,22.503859550825744
205,9.820344668023193,18.0,22.503859550825744
205,9.820344668023193,18.0,22.503859550825744
206,2.3214049425327503,17.0,57.26570146307676
206,2.3214049425327503,17.0,57.26570146307676
206,2.3214049425327503,17.0,57.26570146307676
207,2.370304502423603,16.0,57.039024248333135
207,2.370304502423603,16.0,57.039024248333135
207,2.370304502423603,16.0,57.039024248333135
208,2.5237062437501,15.0,56.327920108780006
208,2.5237062437501,15.0,56.327920108780006
208,2.5237062437501,15.0,56.327920108780006
209,1.7990224020555974,14.0,59.68724103460588
209,1.7990224020555974,14.0,59.68724103460588
209,1.7990224020555974,14.0,59.68724103460588
209,1.7990224020555974,14.0,59.68724103460588
210,10.420544315113371,13.0,19.721593522334217
210,10.420544315113371,13.0,19.721593522334217
210,10.420544315113371,13.0,19.721593522334217
211,1.734707793322649,12.0,59.985375750080856
211,1.734707793322649,12.0,59.985375750080856
211,1.734707793322649,12.0,59.985375750080856
212,1.2118476804871403,11.0,62.409129140553794
212,1.2118476804871403,11.0,62.409129140553794
212,1.2118476804871403,11.0,62.409129140553794
213,0.8876051095108318,10.0,63.91217749220101
213,0.8876051095108318,10.0,63.91217749220101
213,0.8876051095108318,10.0,63.91217749220101
214,0.718010367224803,9.0,64.69834538210365
214,0.718010367224803,9.0,64.69834538210365
214,0.718010367224803,9.0,64.69834538210365
214,0.718010367224803,9.0,64.69834538210365
215,10.166813714581592,9.0,20.897778869444657
215,10.166813714581592,9.0,20.897778869444657
215,10.166813714581592,9.0,20.897778869444657
216,1.1548053875300377,8.0,62.67355254475144
216,1.1548053875300377,8.0,62.67355254475144
216,1.1548053875300377,8.0,62.67355254475144
216,1.1548053875300377,8.0,62.67355254475144
217,10.31832902712888,8.0,20.19541939799155
217,10.31832902712888,8.0,20.19541939799155
217,10.31832902712888,8.0,20.19541939799155
217,10.31832902712888,8.0,20.19541939799155
218,10.57380606620755,7.0,19.011138316964214
218,10.57380606620755,7.0,19.011138316964214
218,10.57380606620755,7.0,19.011138316964214
218,10.57380606620755,7.0,19.011138316964214
219,10.715400510405704,7.0,18.35476770124395
219,10.715400510405704,7.0,18.35476770124395
219,10.715400510405704,7.0,18.35476770124395
220,1.198209316533965,6.0,62.47235069840556
220,1.198209316533965,6.0,62.47235069840556
220,1.198209316533965,6.0,62.47235069840556
220,1.198209316533965,6.0,62.47235069840556
221,10.755086600117911,6.0,18.17080015020447
221,10.755086600117911,6.0,18.17080015020447
221,10.755086600117911,6.0,18.17080015020447
222,0.9717696657946702,6.0,63.522027003298106
222,0.9717696657946702,6.0,63.522027003298106
222,0.9717696657946702,6.0,63.522027003298106
222,0.9717696657946702,6.0,63.522027003298106
223,11.1200865818874,6.0,16.47881806624185
223,11.1200865818874,6.0,16.47881806624185
223,11.1200865818874,6.0,16.47881806624185
223,11.1200865818874,6.0,16.47881806624185
224,11.222473459075246,6.0,16.00419677723552
224,11.222473459075246,6.0,16.00419677723552
224,11.222473459075246,6.0,16.00419677723552
224,11.222473459075246,6.0,16.00419677723552
225,10.733311732517633,6.0,18.271739020616792
225,10.733311732517633,6.0,18.271739020616792
225,10.733311732517633,6.0,18.271739020616792
225,10.733311732517633,6.0,18.271739020616792
226,10.674105449702422,6.0,18.546193746054634
226,10.674105449702422,6.0,18.546193746054634
226,10.674105449702422,6.0,18.546193746054634
226,10.674105449702422,6.0,18.546193746054634
227,11.176171963477524,6.0,16.218830489358545
227,11.176171963477524,6.0,16.218830489358545
227,11.176171963477524,6.0,16.218830489358545
227,11.176171963477524,6.0,16.218830489358545
228,10.706481826163447,6.0,18.396110864816904
228,10.706481826163447,6.0,18.396110864816904
228,10.706481826163447,6.0,18.396110864816904
228,10.706481826163447,6.0,18.396110864816904
229,10.861214371160656,6.0,17.678837694906008
229,10.861214371160656,6.0,17.678837694906008
229,10.861214371160656,6.0,17.678837694906008
229,10.861214371160656,6.0,17.678837694906008
230,10.470168697400515,6.0,19.49155634438557
230,10.470168697400515,6.0,19.49155634438557
230,10.470168697400515,6.0,19.49155634438557
230,10.470168697400515,6.0,19.49155634438557
231,10.682048047630923,6.0,18.50937529655775
231,10.682048047630923,6.0,18.50937529655775
231,10.682048047630923,6.0,18.50937529655775
231,10.682048047630923,6.0,18.50937529655775
232,10.802567272048414,5.0,17.950700286496392
232,10.802567272048414,5.0,17.950700286496392
232,10.802567272048414,5.0,17.950700286496392
232,10.802567272048414,5.0,17.950700286496392
233,10.997403977269183,5.0,17.047521571435404
233,10.997403977269183,5.0,17.047521571435404
233,10.997403977269183,5.0,17.047521571435404
233,10.997403977269183,5.0,17.047521571435404
234,10.618822157705797,5.0,18.80246318241816
234,10.618822157705797,5.0,18.80246318241816
234,10.618822157705797,5.0,18.80246318241816
235,-0.6052441763563718,5.0,70.83238125083818
235,-0.6052441763563718,5.0,70.83238125083818
235,-0.6052441763563718,5.0,70.83238125083818
236,-0.3617715107097935,5.0,69.70374725416912
236,-0.3617715107097935,5.0,69.70374725416912
236,-0.3617715107097935,5.0,69.70374725416912
237,-0.1199536672158795,5.0,68.58278429742964
237,-0.1199536672158795,5.0,68.58278429742964
237,-0.1199536672158795,5.0,68.58278429742964
237,-0.1199536672158795,5.0,68.58278429742964
238,10.011190951846546,5.0,21.619178703844533
238,10.011190951846546,5.0,21.619178703844533
238,10.011190951846546,5.0,21.619178703844533
238,10.011190951846546,5.0,21.619178703844533
239,9.995667890230049,5.0,21.69113690509164
239,9.995667890230049,5.0,21.69113690509164
239,9.995667890230049,5.0,21.69113690509164
239,9.995667890230049,5.0,21.69113690509164
240,9.846009790720084,4.0,22.38488713999076
240,9.846009790720084,4.0,22.38488713999076
240,9.846009790720084,4.0,22.38488713999076
240,9.846009790720084,4.0,22.38488713999076
241,10.032228885837467,4.0,21.521655938983933
241,10.032228885837467,4.0,21.521655938983933
241,10.032228885837467,4.0,21.521655938983933
241,10.032228885837467,4.0,21.521655938983933
242,9.876552010661747,4.0,22.243306615259726
242,9.876552010661747,4.0,22.243306615259726
242,9.876552010661747,4.0,22.243306615259726
242,9.876552010661747,4.0,22.243306615259726
243,9.71814845112022,4.0,22.97759702119579
243,9.71814845112022,4.0,22.97759702119579
243,9.71814845112022,4.0,22.97759702119579
243,9.71814845112022,4.0,22.97759702119579
244,10.15421327560015,4.0,20.956189055941955
244,10.15421327560015,4.0,20.956189055941955
244,10.15421327560015,4.0,20.956189055941955
244,10.15421327560015,4.0,20.956189055941955
245,10.159432317129465,4.0,20.931995836204656
245,10.159432317129465,4.0,20.931995836204656
245,10.159432317129465,4.0,20.931995836204656
245,10.159432317129465,4.0,20.931995836204656
246,10.606049159819015,4.0,18.861673277383517
246,10.606049159819015,4.0,18.861673277383517
246,10.606049159819015,4.0,18.861673277383517
247,1.3487831264645926,3.0,61.77435562596331
247,1.3487831264645926,3.0,61.77435562596331
247,1.3487831264645926,3.0,61.77435562596331
247,1.3487831264645926,3.0,61.77435562596331
248,12.69632818015186,3.0,9.172043607429998
248,12.69632818015186,3.0,9.172043607429998
248,12.69632818015186,3.0,9.172043607429998
248,12.69632818015186,3.0,9.172043607429998
249,13.221078391722893,3.0,6.7395285365265
249,13.221078391722893,3.0,6.7395285365265
249,13.221078391722893,3.0,6.7395285365265
249,13.221078391722893,3.0,6.7395285365265
250,13.471173624962525,3.0,5.580195180194572
250,13.471173624962525,3.0,5.580195180194572
250,13.471173624962525,3.0,5.580195180194572
250,13.471173624962525,3.0,5.580195180194572
251,13.69006450573626,3.0,4.565511708659891
251,13.69006450573626,3.0,4.565511708659891
251,13.69006450573626,3.0,4.565511708659891
251,13.69006450573626,3.0,4.565511708659891
252,13.435542175697115,2.0,5.745367171410642
252,13.435542175697115,2.0,5.745367171410642
252,13.435542175697115,2.0,5.745367171410642
252,13.435542175697115,2.0,5.745367171410642
253,13.515471842792946,2.0,5.374847797553109
253,13.515471842792946,2.0,5.374847797553109
253,13.515471842792946,2.0,5.374847797553109
253,13.515471842792946,2.0,5.374847797553109
254,13.260929153694285,2.0,6.554797636100211
254,13.260929153694285,2.0,6.554797636100211
254,13.260929153694285,2.0,6.554797636100211
254,13.260929153694285,2.0,6.554797636100211
255,13.226024116009054,2.0,6.71660229734195
255,13.226024116009054,2.0,6.71660229734195
255,13.226024116009054,2.0,6.71660229734195
255,13.226024116009054,2.0,6.71660229734195
256,13.228325805550298,2.0,6.705932659914161
256,13.228325805550298,2.0,6.705932659914161
256,13.228325805550298,2.0,6.705932659914161
256,13.228325805550298,2.0,6.705932659914161
257,13.169323885866143,1.0,6.979440046246133
257,13.169323885866143,1.0,6.979440046246133
257,13.169323885866143,1.0,6.979440046246133
258,3.1349466568984017,1.0,53.49447386303749
258,3.1349466568984017,1.0,53.49447386303749
258,3.1349466568984017,1.0,53.49447386303749
258,3.1349466568984017,1.0,53.49447386303749
259,13.269138529732254,0.0,6.51674251864673
259,13.269138529732254,0.0,6.51674251864673
259,13.269138529732254,0.0,6.51674251864673
259,13.269138529732254,0.0,6.51674251864673
260,13.32185990536716,0.0,6.272349018724697
260,13.32185990536716,0.0,6.272349018724697
260,13.32185990536716,0.0,6.272349018724697
260,13.32185990536716,0.0,6.272349018724697
261,13.337077893144254,0.0,6.201805007878505
261,13.337077893144254,0.0,6.201805007878505
261,13.337077893144254,0.0,6.201805007878505
261,13.337077893144254,0.0,6.201805007878505
262,13.32593404599096,0.0,6.2534630645128715
262,13.32593404599096,0.0,6.2534630645128715
262,13.32593404599096,0.0,6.2534630645128715
262,13.32593404599096,0.0,6.2534630645128715
